warning: 'zipfoundation': /__w/runplay-studio/runplay-studio/.build/checkouts/ZIPFoundation/Package@swift-5.9.swift:23:61: warning: 'v4' is deprecated: watchOS 9.0 is the oldest supported version [#DeprecatedDeclaration]
21 |     name: "ZIPFoundation",
22 |     platforms: [
23 |         .macOS(.v10_13), .iOS(.v12), .tvOS(.v12), .watchOS(.v4), .visionOS(.v1)
   |                                                             `- warning: 'v4' is deprecated: watchOS 9.0 is the oldest supported version [#DeprecatedDeclaration]
24 |     ],
25 |     products: [

[#DeprecatedDeclaration]: <https://docs.swift.org/compiler/documentation/diagnostics/deprecated-declaration>
warning: 'runplay-studio': dependency 'zipfoundation' is not used by any target
warning: 'runplay-studio': dependency 'zipfoundation' is not used by any target
Building for debugging...
[Using on-disk description]
Build complete! (0.50 secs)
Test Suite 'Selected tests' started at 2026-09-23 03:29:19.229
Test Suite 'Selected tests' passed at 2026-09-23 03:29:19.230
	 Executed 0 tests, with 0 failures (0 unexpected) in 0.0 (0.0) seconds
Test Suite 'Selected tests' started at 2026-09-23 03:29:19.245
Test Suite 'AccessibilitySummaryTests' started at 2026-09-23 03:29:19.246
Test Case 'AccessibilitySummaryTests.testChartModelIgnoresNonFiniteValues' started at 2026-09-23 03:29:19.246
Test Case 'AccessibilitySummaryTests.testChartModelIgnoresNonFiniteValues' passed (0.001 seconds)
Test Case 'AccessibilitySummaryTests.testChartModelMissingData' started at 2026-09-23 03:29:19.246
Test Case 'AccessibilitySummaryTests.testChartModelMissingData' passed (0.0 seconds)
Test Case 'AccessibilitySummaryTests.testChartModelSummaryAndGaps' started at 2026-09-23 03:29:19.246
Test Case 'AccessibilitySummaryTests.testChartModelSummaryAndGaps' passed (0.0 seconds)
Test Case 'AccessibilitySummaryTests.testComparisonSummaryIncludesRouteAwareFields' started at 2026-09-23 03:29:19.247
Test Case 'AccessibilitySummaryTests.testComparisonSummaryIncludesRouteAwareFields' passed (0.0 seconds)
Test Case 'AccessibilitySummaryTests.testComparisonSummaryUsesTextualIdentity' started at 2026-09-23 03:29:19.247
Test Case 'AccessibilitySummaryTests.testComparisonSummaryUsesTextualIdentity' passed (0.0 seconds)
Test Case 'AccessibilitySummaryTests.testHeatmapSummary' started at 2026-09-23 03:29:19.247
Test Case 'AccessibilitySummaryTests.testHeatmapSummary' passed (0.0 seconds)
Test Case 'AccessibilitySummaryTests.testRouteSummaryIncludesSegmentsAndReplay' started at 2026-09-23 03:29:19.247
Test Case 'AccessibilitySummaryTests.testRouteSummaryIncludesSegmentsAndReplay' passed (0.0 seconds)
Test Case 'AccessibilitySummaryTests.testRouteSummaryWithoutGPS' started at 2026-09-23 03:29:19.247
Test Case 'AccessibilitySummaryTests.testRouteSummaryWithoutGPS' passed (0.0 seconds)
Test Case 'AccessibilitySummaryTests.testTagMixedStateWording' started at 2026-09-23 03:29:19.247
Test Case 'AccessibilitySummaryTests.testTagMixedStateWording' passed (0.0 seconds)
Test Suite 'AccessibilitySummaryTests' passed at 2026-09-23 03:29:19.247
	 Executed 9 tests, with 0 failures (0 unexpected) in 0.001 (0.001) seconds
Test Suite 'AthleteProfileTests' started at 2026-09-23 03:29:19.247
Test Case 'AthleteProfileTests.testCoefficientProfilesCarryPublishedValues' started at 2026-09-23 03:29:19.247
Test Case 'AthleteProfileTests.testCoefficientProfilesCarryPublishedValues' passed (0.0 seconds)
Test Case 'AthleteProfileTests.testCorruptFileFallsBackToDefault' started at 2026-09-23 03:29:19.247
Test Case 'AthleteProfileTests.testCorruptFileFallsBackToDefault' passed (0.002 seconds)
Test Case 'AthleteProfileTests.testCustomZonesWinWhenWellFormed' started at 2026-09-23 03:29:19.249
Test Case 'AthleteProfileTests.testCustomZonesWinWhenWellFormed' passed (0.0 seconds)
Test Case 'AthleteProfileTests.testDefaultZonesAreFractionsOfMaximum' started at 2026-09-23 03:29:19.249
Test Case 'AthleteProfileTests.testDefaultZonesAreFractionsOfMaximum' passed (0.0 seconds)
Test Case 'AthleteProfileTests.testDegenerateRestingClampedBelowMaximum' started at 2026-09-23 03:29:19.249
Test Case 'AthleteProfileTests.testDegenerateRestingClampedBelowMaximum' passed (0.0 seconds)
Test Case 'AthleteProfileTests.testMalformedCustomZonesFallBackToDerived' started at 2026-09-23 03:29:19.249
Test Case 'AthleteProfileTests.testMalformedCustomZonesFallBackToDerived' passed (0.0 seconds)
Test Case 'AthleteProfileTests.testMeasuredMaximumWinsAndIsDisclosed' started at 2026-09-23 03:29:19.249
Test Case 'AthleteProfileTests.testMeasuredMaximumWinsAndIsDisclosed' passed (0.0 seconds)
Test Case 'AthleteProfileTests.testPopulationDefaultWithoutAgeOrMaximum' started at 2026-09-23 03:29:19.249
Test Case 'AthleteProfileTests.testPopulationDefaultWithoutAgeOrMaximum' passed (0.0 seconds)
Test Case 'AthleteProfileTests.testProfileEqualityIsTheStalenessSignature' started at 2026-09-23 03:29:19.249
Test Case 'AthleteProfileTests.testProfileEqualityIsTheStalenessSignature' passed (0.0 seconds)
Test Case 'AthleteProfileTests.testStoreRoundTrip' started at 2026-09-23 03:29:19.249
Test Case 'AthleteProfileTests.testStoreRoundTrip' passed (0.004 seconds)
Test Case 'AthleteProfileTests.testTanakaEstimateFromBirthYear' started at 2026-09-23 03:29:19.253
Test Case 'AthleteProfileTests.testTanakaEstimateFromBirthYear' passed (0.0 seconds)
Test Suite 'AthleteProfileTests' passed at 2026-09-23 03:29:19.253
	 Executed 11 tests, with 0 failures (0 unexpected) in 0.006 (0.006) seconds
Test Suite 'ChartAccessibilityTests' started at 2026-09-23 03:29:19.253
Test Case 'ChartAccessibilityTests.testAggregatesFromValuesEmptyKeepsSeriesMissingFromValues' started at 2026-09-23 03:29:19.253
Test Case 'ChartAccessibilityTests.testAggregatesFromValuesEmptyKeepsSeriesMissingFromValues' passed (0.0 seconds)
Test Case 'ChartAccessibilityTests.testAggregatesFromValuesOverrideMinMaxAverageWhilePlotStructureIsUnchanged' started at 2026-09-23 03:29:19.253
Test Case 'ChartAccessibilityTests.testAggregatesFromValuesOverrideMinMaxAverageWhilePlotStructureIsUnchanged' passed (0.0 seconds)
Test Case 'ChartAccessibilityTests.testBoundedRepresentationDoesNotRequirePerPointElements' started at 2026-09-23 03:29:19.254
Test Case 'ChartAccessibilityTests.testBoundedRepresentationDoesNotRequirePerPointElements' passed (0.005 seconds)
Test Case 'ChartAccessibilityTests.testComparisonStyleMissingSeries' started at 2026-09-23 03:29:19.259
Test Case 'ChartAccessibilityTests.testComparisonStyleMissingSeries' passed (0.0 seconds)
Test Case 'ChartAccessibilityTests.testElevationHeartRateAndSpeed' started at 2026-09-23 03:29:19.259
Test Case 'ChartAccessibilityTests.testElevationHeartRateAndSpeed' passed (0.0 seconds)
Test Case 'ChartAccessibilityTests.testPaceSeriesUnits' started at 2026-09-23 03:29:19.259
Test Case 'ChartAccessibilityTests.testPaceSeriesUnits' passed (0.0 seconds)
Test Case 'ChartAccessibilityTests.testReplayValueUpdatePreservesCachedAggregates' started at 2026-09-23 03:29:19.259
Test Case 'ChartAccessibilityTests.testReplayValueUpdatePreservesCachedAggregates' passed (0.0 seconds)
Test Case 'ChartAccessibilityTests.testRouteGapsIncreaseSeriesCount' started at 2026-09-23 03:29:19.259
Test Case 'ChartAccessibilityTests.testRouteGapsIncreaseSeriesCount' passed (0.0 seconds)
Test Suite 'ChartAccessibilityTests' passed at 2026-09-23 03:29:19.259
	 Executed 8 tests, with 0 failures (0 unexpected) in 0.006 (0.006) seconds
Test Suite 'ComparisonVideoAlignmentResolverTests' started at 2026-09-23 03:29:19.259
Test Case 'ComparisonVideoAlignmentResolverTests.testCancellationThrows' started at 2026-09-23 03:29:19.259
Test Case 'ComparisonVideoAlignmentResolverTests.testCancellationThrows' passed (0.001 seconds)
Test Case 'ComparisonVideoAlignmentResolverTests.testDistanceModeNeverRunsAligner' started at 2026-09-23 03:29:19.260
Test Case 'ComparisonVideoAlignmentResolverTests.testDistanceModeNeverRunsAligner' passed (0.001 seconds)
Test Case 'ComparisonVideoAlignmentResolverTests.testValidSeedReuse' started at 2026-09-23 03:29:19.261
Test Case 'ComparisonVideoAlignmentResolverTests.testValidSeedReuse' passed (0.003 seconds)
Test Case 'ComparisonVideoAlignmentResolverTests.testWrongPairRejectsSeedAndRecalculates' started at 2026-09-23 03:29:19.264
Test Case 'ComparisonVideoAlignmentResolverTests.testWrongPairRejectsSeedAndRecalculates' passed (0.006 seconds)
Test Suite 'ComparisonVideoAlignmentResolverTests' passed at 2026-09-23 03:29:19.270
	 Executed 4 tests, with 0 failures (0 unexpected) in 0.011 (0.011) seconds
Test Suite 'ComparisonVideoFramePlanTests' started at 2026-09-23 03:29:19.270
Test Case 'ComparisonVideoFramePlanTests.testFirstMidFinalDomainPositions' started at 2026-09-23 03:29:19.270
Test Case 'ComparisonVideoFramePlanTests.testFirstMidFinalDomainPositions' passed (0.0 seconds)
Test Case 'ComparisonVideoFramePlanTests.testFrameCountOverflowUsesSharedArithmetic' started at 2026-09-23 03:29:19.270
Test Case 'ComparisonVideoFramePlanTests.testFrameCountOverflowUsesSharedArithmetic' passed (0.0 seconds)
Test Case 'ComparisonVideoFramePlanTests.testMonotonicProgressAndDomain' started at 2026-09-23 03:29:19.270
Test Case 'ComparisonVideoFramePlanTests.testMonotonicProgressAndDomain' passed (0.0 seconds)
Test Case 'ComparisonVideoFramePlanTests.testPresetFrameCountsMatchSingleWorkoutContract' started at 2026-09-23 03:29:19.270
Test Case 'ComparisonVideoFramePlanTests.testPresetFrameCountsMatchSingleWorkoutContract' passed (0.0 seconds)
Test Case 'ComparisonVideoFramePlanTests.testRejectsZeroAndNonFiniteDomain' started at 2026-09-23 03:29:19.270
Test Case 'ComparisonVideoFramePlanTests.testRejectsZeroAndNonFiniteDomain' passed (0.0 seconds)
Test Suite 'ComparisonVideoFramePlanTests' passed at 2026-09-23 03:29:19.270
	 Executed 5 tests, with 0 failures (0 unexpected) in 0.0 (0.0) seconds
Test Suite 'ComparisonVideoSamplerTests' started at 2026-09-23 03:29:19.270
Test Case 'ComparisonVideoSamplerTests.testDistanceActivePaceDelta' started at 2026-09-23 03:29:19.270
Test Case 'ComparisonVideoSamplerTests.testDistanceActivePaceDelta' passed (0.002 seconds)
Test Case 'ComparisonVideoSamplerTests.testDistanceEqualLengthRoutes' started at 2026-09-23 03:29:19.272
Test Case 'ComparisonVideoSamplerTests.testDistanceEqualLengthRoutes' passed (0.002 seconds)
Test Case 'ComparisonVideoSamplerTests.testDistanceUnequalRoutesClampToCommon' started at 2026-09-23 03:29:19.274
Test Case 'ComparisonVideoSamplerTests.testDistanceUnequalRoutesClampToCommon' passed (0.002 seconds)
Test Case 'ComparisonVideoSamplerTests.testFilenameBuilder' started at 2026-09-23 03:29:19.276
Test Case 'ComparisonVideoSamplerTests.testFilenameBuilder' passed (0.002 seconds)
Test Case 'ComparisonVideoSamplerTests.testRouteAwareUsesMappedDistances' started at 2026-09-23 03:29:19.278
Test Case 'ComparisonVideoSamplerTests.testRouteAwareUsesMappedDistances' passed (0.103 seconds)
Test Suite 'ComparisonVideoSamplerTests' passed at 2026-09-23 03:29:19.381
	 Executed 5 tests, with 0 failures (0 unexpected) in 0.111 (0.111) seconds
Test Suite 'DisplayFormatterTests' started at 2026-09-23 03:29:19.381
Test Case 'DisplayFormatterTests.testFormatCadenceNaNReturnsFallback' started at 2026-09-23 03:29:19.381
Test Case 'DisplayFormatterTests.testFormatCadenceNaNReturnsFallback' passed (0.1 seconds)
Test Case 'DisplayFormatterTests.testFormatCadenceNilReturnsFallback' started at 2026-09-23 03:29:19.481
Test Case 'DisplayFormatterTests.testFormatCadenceNilReturnsFallback' passed (0.0 seconds)
Test Case 'DisplayFormatterTests.testFormatDistanceInfinityReturnsFallback' started at 2026-09-23 03:29:19.482
Test Case 'DisplayFormatterTests.testFormatDistanceInfinityReturnsFallback' passed (0.0 seconds)
Test Case 'DisplayFormatterTests.testFormatDistanceKmInfinityReturnsFallback' started at 2026-09-23 03:29:19.482
Test Case 'DisplayFormatterTests.testFormatDistanceKmInfinityReturnsFallback' passed (0.0 seconds)
Test Case 'DisplayFormatterTests.testFormatDistanceKmNaNReturnsFallback' started at 2026-09-23 03:29:19.482
Test Case 'DisplayFormatterTests.testFormatDistanceKmNaNReturnsFallback' passed (0.0 seconds)
Test Case 'DisplayFormatterTests.testFormatDistanceKmNegativeReturnsFallback' started at 2026-09-23 03:29:19.482
Test Case 'DisplayFormatterTests.testFormatDistanceKmNegativeReturnsFallback' passed (0.0 seconds)
Test Case 'DisplayFormatterTests.testFormatDistanceKmNilReturnsFallback' started at 2026-09-23 03:29:19.482
Test Case 'DisplayFormatterTests.testFormatDistanceKmNilReturnsFallback' passed (0.1 seconds)
Test Case 'DisplayFormatterTests.testFormatDistanceKmNormal' started at 2026-09-23 03:29:19.582
Test Case 'DisplayFormatterTests.testFormatDistanceKmNormal' passed (0.1 seconds)
Test Case 'DisplayFormatterTests.testFormatDistanceMeters' started at 2026-09-23 03:29:19.682
Test Case 'DisplayFormatterTests.testFormatDistanceMeters' passed (0.0 seconds)
Test Case 'DisplayFormatterTests.testFormatDistanceNaNReturnsFallback' started at 2026-09-23 03:29:19.683
Test Case 'DisplayFormatterTests.testFormatDistanceNaNReturnsFallback' passed (0.0 seconds)
Test Case 'DisplayFormatterTests.testFormatDistanceNegativeReturnsFallback' started at 2026-09-23 03:29:19.683
Test Case 'DisplayFormatterTests.testFormatDistanceNegativeReturnsFallback' passed (0.0 seconds)
Test Case 'DisplayFormatterTests.testFormatDurationInfinityReturnsFallback' started at 2026-09-23 03:29:19.683
Test Case 'DisplayFormatterTests.testFormatDurationInfinityReturnsFallback' passed (0.0 seconds)
Test Case 'DisplayFormatterTests.testFormatDurationNaNReturnsFallback' started at 2026-09-23 03:29:19.683
Test Case 'DisplayFormatterTests.testFormatDurationNaNReturnsFallback' passed (0.0 seconds)
Test Case 'DisplayFormatterTests.testFormatDurationNegativeReturnsFallback' started at 2026-09-23 03:29:19.683
Test Case 'DisplayFormatterTests.testFormatDurationNegativeReturnsFallback' passed (0.0 seconds)
Test Case 'DisplayFormatterTests.testFormatDurationNilReturnsFallback' started at 2026-09-23 03:29:19.683
Test Case 'DisplayFormatterTests.testFormatDurationNilReturnsFallback' passed (0.0 seconds)
Test Case 'DisplayFormatterTests.testFormatDurationNormal' started at 2026-09-23 03:29:19.683
Test Case 'DisplayFormatterTests.testFormatDurationNormal' passed (0.0 seconds)
Test Case 'DisplayFormatterTests.testFormatDurationZeroReturnsValid' started at 2026-09-23 03:29:19.683
Test Case 'DisplayFormatterTests.testFormatDurationZeroReturnsValid' passed (0.1 seconds)
Test Case 'DisplayFormatterTests.testFormatElapsedInfinityReturnsFallback' started at 2026-09-23 03:29:19.784
Test Case 'DisplayFormatterTests.testFormatElapsedInfinityReturnsFallback' passed (0.0 seconds)
Test Case 'DisplayFormatterTests.testFormatElapsedNaNReturnsFallback' started at 2026-09-23 03:29:19.784
Test Case 'DisplayFormatterTests.testFormatElapsedNaNReturnsFallback' passed (0.0 seconds)
Test Case 'DisplayFormatterTests.testFormatElapsedNegativeReturnsFallback' started at 2026-09-23 03:29:19.784
Test Case 'DisplayFormatterTests.testFormatElapsedNegativeReturnsFallback' passed (0.0 seconds)
Test Case 'DisplayFormatterTests.testFormatElapsedNormal' started at 2026-09-23 03:29:19.784
Test Case 'DisplayFormatterTests.testFormatElapsedNormal' passed (0.0 seconds)
Test Case 'DisplayFormatterTests.testFormatElevationDeltaNormal' started at 2026-09-23 03:29:19.784
Test Case 'DisplayFormatterTests.testFormatElevationDeltaNormal' passed (0.0 seconds)
Test Case 'DisplayFormatterTests.testFormatElevationNaNReturnsFallback' started at 2026-09-23 03:29:19.784
Test Case 'DisplayFormatterTests.testFormatElevationNaNReturnsFallback' passed (0.0 seconds)
Test Case 'DisplayFormatterTests.testFormatElevationNilReturnsFallback' started at 2026-09-23 03:29:19.784
Test Case 'DisplayFormatterTests.testFormatElevationNilReturnsFallback' passed (0.0 seconds)
Test Case 'DisplayFormatterTests.testFormatHeartRateInfinityReturnsFallback' started at 2026-09-23 03:29:19.784
Test Case 'DisplayFormatterTests.testFormatHeartRateInfinityReturnsFallback' passed (0.0 seconds)
Test Case 'DisplayFormatterTests.testFormatHeartRateNaNReturnsFallback' started at 2026-09-23 03:29:19.784
Test Case 'DisplayFormatterTests.testFormatHeartRateNaNReturnsFallback' passed (0.0 seconds)
Test Case 'DisplayFormatterTests.testFormatHeartRateNilReturnsFallback' started at 2026-09-23 03:29:19.785
Test Case 'DisplayFormatterTests.testFormatHeartRateNilReturnsFallback' passed (0.0 seconds)
Test Case 'DisplayFormatterTests.testFormatHeartRateNormal' started at 2026-09-23 03:29:19.785
Test Case 'DisplayFormatterTests.testFormatHeartRateNormal' passed (0.0 seconds)
Test Case 'DisplayFormatterTests.testFormatNumberDecimal' started at 2026-09-23 03:29:19.785
Test Case 'DisplayFormatterTests.testFormatNumberDecimal' passed (0.0 seconds)
Test Case 'DisplayFormatterTests.testFormatNumberInfinityReturnsEmpty' started at 2026-09-23 03:29:19.785
Test Case 'DisplayFormatterTests.testFormatNumberInfinityReturnsEmpty' passed (0.0 seconds)
Test Case 'DisplayFormatterTests.testFormatNumberInteger' started at 2026-09-23 03:29:19.785
Test Case 'DisplayFormatterTests.testFormatNumberInteger' passed (0.0 seconds)
Test Case 'DisplayFormatterTests.testFormatNumberNaNReturnsEmpty' started at 2026-09-23 03:29:19.785
Test Case 'DisplayFormatterTests.testFormatNumberNaNReturnsEmpty' passed (0.0 seconds)
Test Case 'DisplayFormatterTests.testFormatOptionalNumberNaNReturnsEmpty' started at 2026-09-23 03:29:19.785
Test Case 'DisplayFormatterTests.testFormatOptionalNumberNaNReturnsEmpty' passed (0.0 seconds)
Test Case 'DisplayFormatterTests.testFormatOptionalNumberNilReturnsEmpty' started at 2026-09-23 03:29:19.785
Test Case 'DisplayFormatterTests.testFormatOptionalNumberNilReturnsEmpty' passed (0.0 seconds)
Test Case 'DisplayFormatterTests.testFormatPaceInfinityReturnsFallback' started at 2026-09-23 03:29:19.785
Test Case 'DisplayFormatterTests.testFormatPaceInfinityReturnsFallback' passed (0.0 seconds)
Test Case 'DisplayFormatterTests.testFormatPaceNaNReturnsFallback' started at 2026-09-23 03:29:19.786
Test Case 'DisplayFormatterTests.testFormatPaceNaNReturnsFallback' passed (0.0 seconds)
Test Case 'DisplayFormatterTests.testFormatPaceNegativeReturnsFallback' started at 2026-09-23 03:29:19.786
Test Case 'DisplayFormatterTests.testFormatPaceNegativeReturnsFallback' passed (0.0 seconds)
Test Case 'DisplayFormatterTests.testFormatPaceNilReturnsFallback' started at 2026-09-23 03:29:19.786
Test Case 'DisplayFormatterTests.testFormatPaceNilReturnsFallback' passed (0.0 seconds)
Test Case 'DisplayFormatterTests.testFormatPaceNormal' started at 2026-09-23 03:29:19.786
Test Case 'DisplayFormatterTests.testFormatPaceNormal' passed (0.0 seconds)
Test Case 'DisplayFormatterTests.testFormatPaceZeroReturnsFallback' started at 2026-09-23 03:29:19.786
Test Case 'DisplayFormatterTests.testFormatPaceZeroReturnsFallback' passed (0.0 seconds)
Test Case 'DisplayFormatterTests.testFormatSpeedKmhNormal' started at 2026-09-23 03:29:19.786
Test Case 'DisplayFormatterTests.testFormatSpeedKmhNormal' passed (0.0 seconds)
Test Case 'DisplayFormatterTests.testFormatSpeedNaNReturnsFallback' started at 2026-09-23 03:29:19.786
Test Case 'DisplayFormatterTests.testFormatSpeedNaNReturnsFallback' passed (0.0 seconds)
Test Case 'DisplayFormatterTests.testFormatSpeedNegativeReturnsFallback' started at 2026-09-23 03:29:19.786
Test Case 'DisplayFormatterTests.testFormatSpeedNegativeReturnsFallback' passed (0.0 seconds)
Test Case 'DisplayFormatterTests.testFormatSpeedNilReturnsFallback' started at 2026-09-23 03:29:19.786
Test Case 'DisplayFormatterTests.testFormatSpeedNilReturnsFallback' passed (0.0 seconds)
Test Suite 'DisplayFormatterTests' passed at 2026-09-23 03:29:19.786
	 Executed 44 tests, with 0 failures (0 unexpected) in 0.405 (0.405) seconds
Test Suite 'DynamicTimeWarpingRouteAlignerTests' started at 2026-09-23 03:29:19.786
Test Case 'DynamicTimeWarpingRouteAlignerTests.testCancellationAfterNativeWorkNeverPublishesAnAvailableResult' started at 2026-09-23 03:29:19.786
Test Case 'DynamicTimeWarpingRouteAlignerTests.testCancellationAfterNativeWorkNeverPublishesAnAvailableResult' passed (0.024 seconds)
Test Case 'DynamicTimeWarpingRouteAlignerTests.testCancellationDoesNotPublishAvailableResult' started at 2026-09-23 03:29:19.810
Test Case 'DynamicTimeWarpingRouteAlignerTests.testCancellationDoesNotPublishAvailableResult' passed (0.003 seconds)
Test Case 'DynamicTimeWarpingRouteAlignerTests.testDenseRawPointsStayWithinSampleBudget' started at 2026-09-23 03:29:19.813
Test Case 'DynamicTimeWarpingRouteAlignerTests.testDenseRawPointsStayWithinSampleBudget' passed (0.035 seconds)
Test Case 'DynamicTimeWarpingRouteAlignerTests.testDeterministicOutput' started at 2026-09-23 03:29:19.848
Test Case 'DynamicTimeWarpingRouteAlignerTests.testDeterministicOutput' passed (0.005 seconds)
Test Case 'DynamicTimeWarpingRouteAlignerTests.testDifferentSampleRatesStillAlign' started at 2026-09-23 03:29:19.852
Test Case 'DynamicTimeWarpingRouteAlignerTests.testDifferentSampleRatesStillAlign' passed (0.005 seconds)
Test Case 'DynamicTimeWarpingRouteAlignerTests.testIdenticalRoutesProduceAvailableHighQualityAlignment' started at 2026-09-23 03:29:19.857
Test Case 'DynamicTimeWarpingRouteAlignerTests.testIdenticalRoutesProduceAvailableHighQualityAlignment' passed (0.004 seconds)
Test Case 'DynamicTimeWarpingRouteAlignerTests.testModestPrefixOffsetStillAligns' started at 2026-09-23 03:29:19.862
Test Case 'DynamicTimeWarpingRouteAlignerTests.testModestPrefixOffsetStillAligns' passed (0.004 seconds)
Test Case 'DynamicTimeWarpingRouteAlignerTests.testOppositeDirectionIsUnavailable' started at 2026-09-23 03:29:19.866
Test Case 'DynamicTimeWarpingRouteAlignerTests.testOppositeDirectionIsUnavailable' passed (0.002 seconds)
Test Case 'DynamicTimeWarpingRouteAlignerTests.testRecordingGapProducesSeparateBlocks' started at 2026-09-23 03:29:19.868
Test Case 'DynamicTimeWarpingRouteAlignerTests.testRecordingGapProducesSeparateBlocks' passed (0.004 seconds)
Test Case 'DynamicTimeWarpingRouteAlignerTests.testSmallGPSNoiseRemainsAvailable' started at 2026-09-23 03:29:19.872
Test Case 'DynamicTimeWarpingRouteAlignerTests.testSmallGPSNoiseRemainsAvailable' passed (0.004 seconds)
Test Case 'DynamicTimeWarpingRouteAlignerTests.testSnapshotParityAcrossCustomPolicies' started at 2026-09-23 03:29:19.876
Test Case 'DynamicTimeWarpingRouteAlignerTests.testSnapshotParityAcrossCustomPolicies' passed (0.292 seconds)
Test Case 'DynamicTimeWarpingRouteAlignerTests.testSnapshotParityAtMaximumSampleCount' started at 2026-09-23 03:29:20.168
Test Case 'DynamicTimeWarpingRouteAlignerTests.testSnapshotParityAtMaximumSampleCount' passed (0.791 seconds)
Test Case 'DynamicTimeWarpingRouteAlignerTests.testSnapshotParityForAmbiguousDirection' started at 2026-09-23 03:29:20.959
Test Case 'DynamicTimeWarpingRouteAlignerTests.testSnapshotParityForAmbiguousDirection' passed (0.031 seconds)
Test Case 'DynamicTimeWarpingRouteAlignerTests.testSnapshotParityForDenseAndSparseSampleRates' started at 2026-09-23 03:29:20.990
Test Case 'DynamicTimeWarpingRouteAlignerTests.testSnapshotParityForDenseAndSparseSampleRates' passed (0.016 seconds)
Test Case 'DynamicTimeWarpingRouteAlignerTests.testSnapshotParityForGPSNoise' started at 2026-09-23 03:29:21.006
Test Case 'DynamicTimeWarpingRouteAlignerTests.testSnapshotParityForGPSNoise' passed (0.03 seconds)
Test Case 'DynamicTimeWarpingRouteAlignerTests.testSnapshotParityForIdenticalRoutes' started at 2026-09-23 03:29:21.036
Test Case 'DynamicTimeWarpingRouteAlignerTests.testSnapshotParityForIdenticalRoutes' passed (0.009 seconds)
Test Case 'DynamicTimeWarpingRouteAlignerTests.testSnapshotParityForModestPrefixOffset' started at 2026-09-23 03:29:21.045
Test Case 'DynamicTimeWarpingRouteAlignerTests.testSnapshotParityForModestPrefixOffset' passed (0.023 seconds)
Test Case 'DynamicTimeWarpingRouteAlignerTests.testSnapshotParityForOppositeDirection' started at 2026-09-23 03:29:21.068
Test Case 'DynamicTimeWarpingRouteAlignerTests.testSnapshotParityForOppositeDirection' passed (0.002 seconds)
Test Case 'DynamicTimeWarpingRouteAlignerTests.testSnapshotParityForRecordingGapsProducingMultipleBlocks' started at 2026-09-23 03:29:21.070
Test Case 'DynamicTimeWarpingRouteAlignerTests.testSnapshotParityForRecordingGapsProducingMultipleBlocks' passed (0.022 seconds)
Test Case 'DynamicTimeWarpingRouteAlignerTests.testSnapshotParityForResourceLimits' started at 2026-09-23 03:29:21.092
Test Case 'DynamicTimeWarpingRouteAlignerTests.testSnapshotParityForResourceLimits' passed (0.004 seconds)
Test Case 'DynamicTimeWarpingRouteAlignerTests.testSnapshotParityForUnrelatedRoutes' started at 2026-09-23 03:29:21.096
Test Case 'DynamicTimeWarpingRouteAlignerTests.testSnapshotParityForUnrelatedRoutes' passed (0.024 seconds)
Test Case 'DynamicTimeWarpingRouteAlignerTests.testSnapshotParityIsIdenticalWhenRepeated' started at 2026-09-23 03:29:21.120
Test Case 'DynamicTimeWarpingRouteAlignerTests.testSnapshotParityIsIdenticalWhenRepeated' passed (0.009 seconds)
Test Case 'DynamicTimeWarpingRouteAlignerTests.testSnapshotParityWhenCancelledBeforeAnyWork' started at 2026-09-23 03:29:21.129
Test Case 'DynamicTimeWarpingRouteAlignerTests.testSnapshotParityWhenCancelledBeforeAnyWork' passed (0.003 seconds)
Test Case 'DynamicTimeWarpingRouteAlignerTests.testUnrelatedRoutesAreUnavailable' started at 2026-09-23 03:29:21.132
Test Case 'DynamicTimeWarpingRouteAlignerTests.testUnrelatedRoutesAreUnavailable' passed (0.002 seconds)
Test Suite 'DynamicTimeWarpingRouteAlignerTests' passed at 2026-09-23 03:29:21.134
	 Executed 24 tests, with 0 failures (0 unexpected) in 1.348 (1.348) seconds
Test Suite 'ElevationProfileTests' started at 2026-09-23 03:29:21.134
Test Case 'ElevationProfileTests.testBelowSeaLevelElevationSupportsGainAndLoss' started at 2026-09-23 03:29:21.134
Test Case 'ElevationProfileTests.testBelowSeaLevelElevationSupportsGainAndLoss' passed (0.1 seconds)
Test Case 'ElevationProfileTests.testCancellationAfterElevationProcessingHasBegunStillPropagates' started at 2026-09-23 03:29:21.234
Test Case 'ElevationProfileTests.testCancellationAfterElevationProcessingHasBegunStillPropagates' passed (0.09 seconds)
Test Case 'ElevationProfileTests.testClimbFollowedByDescentReportsBothDirections' started at 2026-09-23 03:29:21.325
Test Case 'ElevationProfileTests.testClimbFollowedByDescentReportsBothDirections' passed (0.001 seconds)
Test Case 'ElevationProfileTests.testCustomMinimumElevationHighlightWindowIsHonored' started at 2026-09-23 03:29:21.326
Test Case 'ElevationProfileTests.testCustomMinimumElevationHighlightWindowIsHonored' passed (0.0 seconds)
Test Case 'ElevationProfileTests.testDifferentSamplingFrequenciesProduceSimilarGainAndLoss' started at 2026-09-23 03:29:21.326
Test Case 'ElevationProfileTests.testDifferentSamplingFrequenciesProduceSimilarGainAndLoss' passed (0.001 seconds)
Test Case 'ElevationProfileTests.testEmptySinglePointAndSparseShortRoutesUseSafeFallbacks' started at 2026-09-23 03:29:21.327
Test Case 'ElevationProfileTests.testEmptySinglePointAndSparseShortRoutesUseSafeFallbacks' passed (0.0 seconds)
Test Case 'ElevationProfileTests.testExtremeLeadingAltitudeSpikeIsRejectedConservatively' started at 2026-09-23 03:29:21.327
Test Case 'ElevationProfileTests.testExtremeLeadingAltitudeSpikeIsRejectedConservatively' passed (0.0 seconds)
Test Case 'ElevationProfileTests.testExtremeSpikeAfterMissingAltitudeGapIsRejected' started at 2026-09-23 03:29:21.328
Test Case 'ElevationProfileTests.testExtremeSpikeAfterMissingAltitudeGapIsRejected' passed (0.0 seconds)
Test Case 'ElevationProfileTests.testExtremeSpikeAtSegmentStartIsRejected' started at 2026-09-23 03:29:21.328
Test Case 'ElevationProfileTests.testExtremeSpikeAtSegmentStartIsRejected' passed (0.0 seconds)
Test Case 'ElevationProfileTests.testExtremeTrailingAltitudeSpikeIsRejectedConservatively' started at 2026-09-23 03:29:21.328
Test Case 'ElevationProfileTests.testExtremeTrailingAltitudeSpikeIsRejectedConservatively' passed (0.0 seconds)
Test Case 'ElevationProfileTests.testExtremeTwoSampleAltitudeExcursionIsRejected' started at 2026-09-23 03:29:21.328
Test Case 'ElevationProfileTests.testExtremeTwoSampleAltitudeExcursionIsRejected' passed (0.0 seconds)
Test Case 'ElevationProfileTests.testFlatJitterDoesNotAccumulateMaterialGainOrLoss' started at 2026-09-23 03:29:21.328
Test Case 'ElevationProfileTests.testFlatJitterDoesNotAccumulateMaterialGainOrLoss' passed (0.001 seconds)
Test Case 'ElevationProfileTests.testGradualHundredMeterClimbRemainsApproximatelyHundredMeters' started at 2026-09-23 03:29:21.329
Test Case 'ElevationProfileTests.testGradualHundredMeterClimbRemainsApproximatelyHundredMeters' passed (0.001 seconds)
Test Case 'ElevationProfileTests.testHundredThousandPointProfileCompletesWithinLinearTimeBudget' started at 2026-09-23 03:29:21.329
Test Case 'ElevationProfileTests.testHundredThousandPointProfileCompletesWithinLinearTimeBudget' passed (0.476 seconds)
Test Case 'ElevationProfileTests.testIsolatedAltitudeSpikeIsRejectedWithoutMutatingSourceAltitude' started at 2026-09-23 03:29:21.805
Test Case 'ElevationProfileTests.testIsolatedAltitudeSpikeIsRejectedWithoutMutatingSourceAltitude' passed (0.0 seconds)
Test Case 'ElevationProfileTests.testMissingAltitudeRemainsAGapAndIsNotInterpolated' started at 2026-09-23 03:29:21.805
Test Case 'ElevationProfileTests.testMissingAltitudeRemainsAGapAndIsNotInterpolated' passed (0.0 seconds)
Test Case 'ElevationProfileTests.testOutOfRangeAltitudeIsUnavailableWithoutMutatingSource' started at 2026-09-23 03:29:21.805
Test Case 'ElevationProfileTests.testOutOfRangeAltitudeIsUnavailableWithoutMutatingSource' passed (0.1 seconds)
Test Case 'ElevationProfileTests.testRejectedEndpointsDoNotBecomeBaselinesForInteriorRejection' started at 2026-09-23 03:29:21.905
Test Case 'ElevationProfileTests.testRejectedEndpointsDoNotBecomeBaselinesForInteriorRejection' passed (0.0 seconds)
Test Case 'ElevationProfileTests.testRouteSegmentsUseIndependentSmoothingAndGainLoss' started at 2026-09-23 03:29:21.906
Test Case 'ElevationProfileTests.testRouteSegmentsUseIndependentSmoothingAndGainLoss' passed (0.0 seconds)
Test Case 'ElevationProfileTests.testSamplesKeepExactPointIdentityDistanceAndMissingGapAlignment' started at 2026-09-23 03:29:21.906
Test Case 'ElevationProfileTests.testSamplesKeepExactPointIdentityDistanceAndMissingGapAlignment' passed (0.0 seconds)
Test Case 'ElevationProfileTests.testSustainedEndpointClimbIsNotRejected' started at 2026-09-23 03:29:21.906
Test Case 'ElevationProfileTests.testSustainedEndpointClimbIsNotRejected' passed (0.0 seconds)
Test Case 'ElevationProfileTests.testSustainedSteepClimbIsPreserved' started at 2026-09-23 03:29:21.906
Test Case 'ElevationProfileTests.testSustainedSteepClimbIsPreserved' passed (0.0 seconds)
Test Case 'ElevationProfileTests.testSwitchbackHillUsesTraveledSpanInsteadOfEndpointChord' started at 2026-09-23 03:29:21.906
Test Case 'ElevationProfileTests.testSwitchbackHillUsesTraveledSpanInsteadOfEndpointChord' passed (0.0 seconds)
Test Suite 'ElevationProfileTests' passed at 2026-09-23 03:29:21.906
	 Executed 23 tests, with 0 failures (0 unexpected) in 0.772 (0.772) seconds
Test Suite 'FITDeveloperDataTests' started at 2026-09-23 03:29:21.906
Test Case 'FITDeveloperDataTests.testAccumulatingFieldDecodesInstantaneouslyWithNote' started at 2026-09-23 03:29:21.906
Test Case 'FITDeveloperDataTests.testAccumulatingFieldDecodesInstantaneouslyWithNote' passed (0.001 seconds)
Test Case 'FITDeveloperDataTests.testDefaultScaleOffsetProduceNoNote' started at 2026-09-23 03:29:21.908
Test Case 'FITDeveloperDataTests.testDefaultScaleOffsetProduceNoNote' passed (0.0 seconds)
Test Case 'FITDeveloperDataTests.testDeveloperDynamicsWinOverNative' started at 2026-09-23 03:29:21.908
Test Case 'FITDeveloperDataTests.testDeveloperDynamicsWinOverNative' passed (0.0 seconds)
Test Case 'FITDeveloperDataTests.testDeveloperFieldOffsetIsSubtractedNotAdded' started at 2026-09-23 03:29:21.908
Test Case 'FITDeveloperDataTests.testDeveloperFieldOffsetIsSubtractedNotAdded' passed (0.0 seconds)
Test Case 'FITDeveloperDataTests.testDeveloperPowerWinsOverNativePower' started at 2026-09-23 03:29:21.909
Test Case 'FITDeveloperDataTests.testDeveloperPowerWinsOverNativePower' passed (0.0 seconds)
Test Case 'FITDeveloperDataTests.testEndToEndSummaryPersistsFieldsProvenanceAndNotes' started at 2026-09-23 03:29:21.909
Test Case 'FITDeveloperDataTests.testEndToEndSummaryPersistsFieldsProvenanceAndNotes' passed (0.002 seconds)
Test Case 'FITDeveloperDataTests.testFieldDescriptionAndDeveloperDataIDFieldNumbersMatchProfile' started at 2026-09-23 03:29:21.911
Test Case 'FITDeveloperDataTests.testFieldDescriptionAndDeveloperDataIDFieldNumbersMatchProfile' passed (0.0 seconds)
Test Case 'FITDeveloperDataTests.testFieldDescriptionAndDeveloperDataIDMessagesDecode' started at 2026-09-23 03:29:21.911
Test Case 'FITDeveloperDataTests.testFieldDescriptionAndDeveloperDataIDMessagesDecode' passed (0.0 seconds)
Test Case 'FITDeveloperDataTests.testInvalidSentinelsAreTreatedAsMissing' started at 2026-09-23 03:29:21.911
Test Case 'FITDeveloperDataTests.testInvalidSentinelsAreTreatedAsMissing' passed (0.0 seconds)
Test Case 'FITDeveloperDataTests.testLegacySnapshotJSONDecodesWithoutDeveloperSummary' started at 2026-09-23 03:29:21.912
Test Case 'FITDeveloperDataTests.testLegacySnapshotJSONDecodesWithoutDeveloperSummary' passed (0.0 seconds)
Test Case 'FITDeveloperDataTests.testMissingFieldDescriptionCountsSkippedValues' started at 2026-09-23 03:29:21.912
Test Case 'FITDeveloperDataTests.testMissingFieldDescriptionCountsSkippedValues' passed (0.0 seconds)
Test Case 'FITDeveloperDataTests.testMultipleDeveloperApplicationsResolveIndependently' started at 2026-09-23 03:29:21.912
Test Case 'FITDeveloperDataTests.testMultipleDeveloperApplicationsResolveIndependently' passed (0.0 seconds)
Test Case 'FITDeveloperDataTests.testNameMatchingCollapsesAllWhitespace' started at 2026-09-23 03:29:21.913
Test Case 'FITDeveloperDataTests.testNameMatchingCollapsesAllWhitespace' passed (0.0 seconds)
Test Case 'FITDeveloperDataTests.testNameMatchingRecognizesCommonVendorSpellings' started at 2026-09-23 03:29:21.913
Test Case 'FITDeveloperDataTests.testNameMatchingRecognizesCommonVendorSpellings' passed (0.0 seconds)
Test Case 'FITDeveloperDataTests.testNativeRecordPowerMapsToPowerWatts' started at 2026-09-23 03:29:21.913
Test Case 'FITDeveloperDataTests.testNativeRecordPowerMapsToPowerWatts' passed (0.0 seconds)
Test Case 'FITDeveloperDataTests.testNativeRunningDynamicsDecodeWithProfileScales' started at 2026-09-23 03:29:21.913
Test Case 'FITDeveloperDataTests.testNativeRunningDynamicsDecodeWithProfileScales' passed (0.0 seconds)
Test Case 'FITDeveloperDataTests.testNegativeDeveloperOffsetAlsoSubtracts' started at 2026-09-23 03:29:21.914
Test Case 'FITDeveloperDataTests.testNegativeDeveloperOffsetAlsoSubtracts' passed (0.0 seconds)
Test Case 'FITDeveloperDataTests.testNonUnitScaleIsFlaggedInImportReport' started at 2026-09-23 03:29:21.914
Test Case 'FITDeveloperDataTests.testNonUnitScaleIsFlaggedInImportReport' passed (0.0 seconds)
Test Case 'FITDeveloperDataTests.testNonZeroOffsetIsFlaggedInImportReport' started at 2026-09-23 03:29:21.914
Test Case 'FITDeveloperDataTests.testNonZeroOffsetIsFlaggedInImportReport' passed (0.0 seconds)
Test Case 'FITDeveloperDataTests.testOutOfOrderDescriptionsStillResolve' started at 2026-09-23 03:29:21.914
Test Case 'FITDeveloperDataTests.testOutOfOrderDescriptionsStillResolve' passed (0.001 seconds)
Test Case 'FITDeveloperDataTests.testResolvedUnitUsesVerifiedFitBaseUnitEnum' started at 2026-09-23 03:29:21.915
Test Case 'FITDeveloperDataTests.testResolvedUnitUsesVerifiedFitBaseUnitEnum' passed (0.0 seconds)
Test Case 'FITDeveloperDataTests.testRetainedFieldCapTruncatesWithNote' started at 2026-09-23 03:29:21.915
Test Case 'FITDeveloperDataTests.testRetainedFieldCapTruncatesWithNote' passed (0.001 seconds)
Test Case 'FITDeveloperDataTests.testSignedAndFloatBaseTypesDecode' started at 2026-09-23 03:29:21.916
Test Case 'FITDeveloperDataTests.testSignedAndFloatBaseTypesDecode' passed (0.0 seconds)
Test Case 'FITDeveloperDataTests.testWorkoutWithoutDeveloperDataHasNoSummary' started at 2026-09-23 03:29:21.917
Test Case 'FITDeveloperDataTests.testWorkoutWithoutDeveloperDataHasNoSummary' passed (0.0 seconds)
Test Suite 'FITDeveloperDataTests' passed at 2026-09-23 03:29:21.917
	 Executed 24 tests, with 0 failures (0 unexpected) in 0.01 (0.01) seconds
Test Suite 'FITHeaderDataTypeTests' started at 2026-09-23 03:29:21.917
Test Case 'FITHeaderDataTypeTests.testDataTypeConstantMatchesTheSpecification' started at 2026-09-23 03:29:21.917
Test Case 'FITHeaderDataTypeTests.testDataTypeConstantMatchesTheSpecification' passed (0.0 seconds)
Test Case 'FITHeaderDataTypeTests.testHeaderWithTransposedSpellingIsRefused' started at 2026-09-23 03:29:21.917
Test Case 'FITHeaderDataTypeTests.testHeaderWithTransposedSpellingIsRefused' passed (0.0 seconds)
Test Case 'FITHeaderDataTypeTests.testMultiSessionFixtureBuilderEmitsSpecifiedDataTypeBytes' started at 2026-09-23 03:29:21.917
Test Case 'FITHeaderDataTypeTests.testMultiSessionFixtureBuilderEmitsSpecifiedDataTypeBytes' passed (0.0 seconds)
Test Case 'FITHeaderDataTypeTests.testRealDeviceHeaderShapeParses' started at 2026-09-23 03:29:21.917
Test Case 'FITHeaderDataTypeTests.testRealDeviceHeaderShapeParses' passed (0.0 seconds)
Test Case 'FITHeaderDataTypeTests.testTransposedSpellingIsRejected' started at 2026-09-23 03:29:21.918
Test Case 'FITHeaderDataTypeTests.testTransposedSpellingIsRejected' passed (0.0 seconds)
Test Suite 'FITHeaderDataTypeTests' passed at 2026-09-23 03:29:21.918
	 Executed 5 tests, with 0 failures (0 unexpected) in 0.0 (0.0) seconds
Test Suite 'FITMultiSessionTests' started at 2026-09-23 03:29:21.918
Test Case 'FITMultiSessionTests.testCancellationAfterStagingRollsBackAndCommitsNothing' started at 2026-09-23 03:29:21.918
Test Case 'FITMultiSessionTests.testCancellationAfterStagingRollsBackAndCommitsNothing' passed (0.004 seconds)
Test Case 'FITMultiSessionTests.testCancellationAtCommitIsStructuredCancelNotCommitFailure' started at 2026-09-23 03:29:21.921
Test Case 'FITMultiSessionTests.testCancellationAtCommitIsStructuredCancelNotCommitFailure' passed (0.004 seconds)
Test Case 'FITMultiSessionTests.testCancellationBeforeStagingImportsNothing' started at 2026-09-23 03:29:21.925
Test Case 'FITMultiSessionTests.testCancellationBeforeStagingImportsNothing' passed (0.001 seconds)
Test Case 'FITMultiSessionTests.testCandidatesFollowFITSourceOrderNotDate' started at 2026-09-23 03:29:21.926
Test Case 'FITMultiSessionTests.testCandidatesFollowFITSourceOrderNotDate' passed (0.001 seconds)
Test Case 'FITMultiSessionTests.testCommitFailureLeavesNothingImported' started at 2026-09-23 03:29:21.927
Test Case 'FITMultiSessionTests.testCommitFailureLeavesNothingImported' passed (0.004 seconds)
Test Case 'FITMultiSessionTests.testContainerTooLargeIsRejected' started at 2026-09-23 03:29:21.931
Test Case 'FITMultiSessionTests.testContainerTooLargeIsRejected' passed (0.101 seconds)
Test Case 'FITMultiSessionTests.testDerivedStartFromElapsedKeepsSessionImportable' started at 2026-09-23 03:29:22.032
Test Case 'FITMultiSessionTests.testDerivedStartFromElapsedKeepsSessionImportable' passed (0.001 seconds)
Test Case 'FITMultiSessionTests.testDirectoryURLIsRejected' started at 2026-09-23 03:29:22.034
Test Case 'FITMultiSessionTests.testDirectoryURLIsRejected' passed (0.0 seconds)
Test Case 'FITMultiSessionTests.testDisplayNameContainsNoFingerprintOrPath' started at 2026-09-23 03:29:22.034
Test Case 'FITMultiSessionTests.testDisplayNameContainsNoFingerprintOrPath' passed (0.001 seconds)
Test Case 'FITMultiSessionTests.testDisplayNameFallsBackToOrdinalWithoutADate' started at 2026-09-23 03:29:22.035
Test Case 'FITMultiSessionTests.testDisplayNameFallsBackToOrdinalWithoutADate' passed (0.001 seconds)
Test Case 'FITMultiSessionTests.testDuplicateIsSkippedWhileValidSiblingCommits' started at 2026-09-23 03:29:22.036
Test Case 'FITMultiSessionTests.testDuplicateIsSkippedWhileValidSiblingCommits' passed (0.004 seconds)
Test Case 'FITMultiSessionTests.testDuplicateRequiresFitMultiSessionProvider' started at 2026-09-23 03:29:22.039
Test Case 'FITMultiSessionTests.testDuplicateRequiresFitMultiSessionProvider' passed (0.002 seconds)
Test Case 'FITMultiSessionTests.testExceedsResourceLimitMarksSessionsNotImportable' started at 2026-09-23 03:29:22.041
Test Case 'FITMultiSessionTests.testExceedsResourceLimitMarksSessionsNotImportable' passed (0.001 seconds)
Test Case 'FITMultiSessionTests.testExistingSessionIsMarkedDuplicate' started at 2026-09-23 03:29:22.042
Test Case 'FITMultiSessionTests.testExistingSessionIsMarkedDuplicate' passed (0.002 seconds)
Test Case 'FITMultiSessionTests.testIdenticalSessionMetadataInDifferentContainersDoesNotCollide' started at 2026-09-23 03:29:22.044
Test Case 'FITMultiSessionTests.testIdenticalSessionMetadataInDifferentContainersDoesNotCollide' passed (0.0 seconds)
Test Case 'FITMultiSessionTests.testIdentityIsStableAcrossScans' started at 2026-09-23 03:29:22.044
Test Case 'FITMultiSessionTests.testIdentityIsStableAcrossScans' passed (0.002 seconds)
Test Case 'FITMultiSessionTests.testImportedSessionsCarryDistinctRoutesAndCorrectProvenance' started at 2026-09-23 03:29:22.046
Test Case 'FITMultiSessionTests.testImportedSessionsCarryDistinctRoutesAndCorrectProvenance' passed (0.005 seconds)
Test Case 'FITMultiSessionTests.testLapsAreScopedToTheirOwnSession' started at 2026-09-23 03:29:22.051
Test Case 'FITMultiSessionTests.testLapsAreScopedToTheirOwnSession' passed (0.006 seconds)
Test Case 'FITMultiSessionTests.testLegacyFileWithNoSessionsRoutesDirect' started at 2026-09-23 03:29:22.056
Test Case 'FITMultiSessionTests.testLegacyFileWithNoSessionsRoutesDirect' passed (0.001 seconds)
Test Case 'FITMultiSessionTests.testMalformedStartBoundaryIsReported' started at 2026-09-23 03:29:22.057
Test Case 'FITMultiSessionTests.testMalformedStartBoundaryIsReported' passed (0.001 seconds)
Test Case 'FITMultiSessionTests.testMatchingContainerHashAloneDoesNotMarkDuplicates' started at 2026-09-23 03:29:22.058
Test Case 'FITMultiSessionTests.testMatchingContainerHashAloneDoesNotMarkDuplicates' passed (0.002 seconds)
Test Case 'FITMultiSessionTests.testNewestImportedSessionIsSelected' started at 2026-09-23 03:29:22.060
Test Case 'FITMultiSessionTests.testNewestImportedSessionIsSelected' passed (0.004 seconds)
Test Case 'FITMultiSessionTests.testNonLocalURLIsRejected' started at 2026-09-23 03:29:22.065
Test Case 'FITMultiSessionTests.testNonLocalURLIsRejected' passed (0.0 seconds)
Test Case 'FITMultiSessionTests.testOldProvenanceDecodesWithoutTheNewField' started at 2026-09-23 03:29:22.065
Test Case 'FITMultiSessionTests.testOldProvenanceDecodesWithoutTheNewField' passed (0.0 seconds)
Test Case 'FITMultiSessionTests.testOverlappingSessionsAreAmbiguousAndNotSelected' started at 2026-09-23 03:29:22.065
Test Case 'FITMultiSessionTests.testOverlappingSessionsAreAmbiguousAndNotSelected' passed (0.001 seconds)
Test Case 'FITMultiSessionTests.testRenamingTheFileDoesNotChangeIdentity' started at 2026-09-23 03:29:22.066
Test Case 'FITMultiSessionTests.testRenamingTheFileDoesNotChangeIdentity' passed (0.002 seconds)
Test Case 'FITMultiSessionTests.testRunningPlusCyclingMarksCyclingUnsupported' started at 2026-09-23 03:29:22.068
Test Case 'FITMultiSessionTests.testRunningPlusCyclingMarksCyclingUnsupported' passed (0.001 seconds)
Test Case 'FITMultiSessionTests.testRunningPlusSwimmingMarksSwimmingUnsupported' started at 2026-09-23 03:29:22.069
Test Case 'FITMultiSessionTests.testRunningPlusSwimmingMarksSwimmingUnsupported' passed (0.001 seconds)
Test Case 'FITMultiSessionTests.testScanCancellationDoesNotSurfaceAsAParseError' started at 2026-09-23 03:29:22.070
Test Case 'FITMultiSessionTests.testScanCancellationDoesNotSurfaceAsAParseError' passed (0.001 seconds)
Test Case 'FITMultiSessionTests.testSessionWithoutGPSIsNotImportable' started at 2026-09-23 03:29:22.071
Test Case 'FITMultiSessionTests.testSessionWithoutGPSIsNotImportable' passed (0.001 seconds)
Test Case 'FITMultiSessionTests.testSeveralUnsupportedSessionsAreAllVisible' started at 2026-09-23 03:29:22.072
Test Case 'FITMultiSessionTests.testSeveralUnsupportedSessionsAreAllVisible' passed (0.001 seconds)
Test Case 'FITMultiSessionTests.testSharedBoundaryRecordIsNotCountedTwice' started at 2026-09-23 03:29:22.073
Test Case 'FITMultiSessionTests.testSharedBoundaryRecordIsNotCountedTwice' passed (0.001 seconds)
Test Case 'FITMultiSessionTests.testSiblingSessionIdentitiesDiffer' started at 2026-09-23 03:29:22.073
Test Case 'FITMultiSessionTests.testSiblingSessionIdentitiesDiffer' passed (0.001 seconds)
Test Case 'FITMultiSessionTests.testSingleSessionFileRoutesDirect' started at 2026-09-23 03:29:22.075
Test Case 'FITMultiSessionTests.testSingleSessionFileRoutesDirect' passed (0.001 seconds)
Test Case 'FITMultiSessionTests.testTimerEventsDoNotSplitTheSiblingSession' started at 2026-09-23 03:29:22.075
Test Case 'FITMultiSessionTests.testTimerEventsDoNotSplitTheSiblingSession' passed (0.004 seconds)
Test Case 'FITMultiSessionTests.testTooManySelectedSessionsIsRejected' started at 2026-09-23 03:29:22.080
Test Case 'FITMultiSessionTests.testTooManySelectedSessionsIsRejected' passed (0.001 seconds)
Test Case 'FITMultiSessionTests.testTooManySessionsIsRejected' started at 2026-09-23 03:29:22.081
Test Case 'FITMultiSessionTests.testTooManySessionsIsRejected' passed (0.001 seconds)
Test Case 'FITMultiSessionTests.testTwoSessionFileRoutesToReview' started at 2026-09-23 03:29:22.082
Test Case 'FITMultiSessionTests.testTwoSessionFileRoutesToReview' passed (0.001 seconds)
Test Case 'FITMultiSessionTests.testTwoValidSessionsCommitTogether' started at 2026-09-23 03:29:22.083
Test Case 'FITMultiSessionTests.testTwoValidSessionsCommitTogether' passed (0.004 seconds)
Test Case 'FITMultiSessionTests.testUnknownSportIsTreatedAsRunningWithAWarning' started at 2026-09-23 03:29:22.087
Test Case 'FITMultiSessionTests.testUnknownSportIsTreatedAsRunningWithAWarning' passed (0.001 seconds)
Test Case 'FITMultiSessionTests.testValidSiblingCommitsWhenAnotherSelectedSessionFails' started at 2026-09-23 03:29:22.088
Test Case 'FITMultiSessionTests.testValidSiblingCommitsWhenAnotherSelectedSessionFails' passed (0.003 seconds)
Test Case 'FITMultiSessionTests.testWalkingFollowsExistingUnsupportedFITPolicy' started at 2026-09-23 03:29:22.091
Test Case 'FITMultiSessionTests.testWalkingFollowsExistingUnsupportedFITPolicy' passed (0.001 seconds)
Test Case 'FITMultiSessionTests.testZeroStagedWorkoutsRollBackAndWriteNoManifest' started at 2026-09-23 03:29:22.092
Test Case 'FITMultiSessionTests.testZeroStagedWorkoutsRollBackAndWriteNoManifest' passed (0.001 seconds)
Test Suite 'FITMultiSessionTests' passed at 2026-09-23 03:29:22.093
	 Executed 43 tests, with 0 failures (0 unexpected) in 0.175 (0.175) seconds
Test Suite 'FITParserTests' started at 2026-09-23 03:29:22.094
Test Case 'FITParserTests.test12ByteHeaderParsesSuccessfully' started at 2026-09-23 03:29:22.094
Test Case 'FITParserTests.test12ByteHeaderParsesSuccessfully' passed (0.0 seconds)
Test Case 'FITParserTests.testActivityMessageAndSourceOrderAreRetained' started at 2026-09-23 03:29:22.094
Test Case 'FITParserTests.testActivityMessageAndSourceOrderAreRetained' passed (0.0 seconds)
Test Case 'FITParserTests.testBetweenSamplesResumeDoesNotClaimAmbiguousUntimestampedRecord' started at 2026-09-23 03:29:22.094
Test Case 'FITParserTests.testBetweenSamplesResumeDoesNotClaimAmbiguousUntimestampedRecord' passed (0.0 seconds)
Test Case 'FITParserTests.testCRC16KnownAnswer' started at 2026-09-23 03:29:22.094
Test Case 'FITParserTests.testCRC16KnownAnswer' passed (0.0 seconds)
Test Case 'FITParserTests.testCompressedHeaderRejectsDefinitionWithoutLeadingTimestamp' started at 2026-09-23 03:29:22.094
Test Case 'FITParserTests.testCompressedHeaderRejectsDefinitionWithoutLeadingTimestamp' passed (0.0 seconds)
Test Case 'FITParserTests.testCompressedSessionRetainsReconstructedTimestamp' started at 2026-09-23 03:29:22.094
Test Case 'FITParserTests.testCompressedSessionRetainsReconstructedTimestamp' passed (0.0 seconds)
Test Case 'FITParserTests.testCompressedTimestampHeaderFailsWithoutBaseline' started at 2026-09-23 03:29:22.094
Test Case 'FITParserTests.testCompressedTimestampHeaderFailsWithoutBaseline' passed (0.1 seconds)
Test Case 'FITParserTests.testCompressedTimestampParsesCorrectly' started at 2026-09-23 03:29:22.194
Test Case 'FITParserTests.testCompressedTimestampParsesCorrectly' passed (0.0 seconds)
Test Case 'FITParserTests.testCompressedTimestampWithMultipleLocalTypes' started at 2026-09-23 03:29:22.195
Test Case 'FITParserTests.testCompressedTimestampWithMultipleLocalTypes' passed (0.0 seconds)
Test Case 'FITParserTests.testCompressedTimestampWrapHandling' started at 2026-09-23 03:29:22.195
Test Case 'FITParserTests.testCompressedTimestampWrapHandling' passed (0.0 seconds)
Test Case 'FITParserTests.testCorruptFileCRCThrows' started at 2026-09-23 03:29:22.195
Test Case 'FITParserTests.testCorruptFileCRCThrows' passed (0.1 seconds)
Test Case 'FITParserTests.testCorruptHeaderCRCThrows' started at 2026-09-23 03:29:22.295
Test Case 'FITParserTests.testCorruptHeaderCRCThrows' passed (0.0 seconds)
Test Case 'FITParserTests.testDeveloperDataFieldsAreSkippedWithoutDesyncing' started at 2026-09-23 03:29:22.295
Test Case 'FITParserTests.testDeveloperDataFieldsAreSkippedWithoutDesyncing' passed (0.0 seconds)
Test Case 'FITParserTests.testDeviceInfoMessageIsParsed' started at 2026-09-23 03:29:22.296
Test Case 'FITParserTests.testDeviceInfoMessageIsParsed' passed (0.0 seconds)
Test Case 'FITParserTests.testEnhancedAltitudeAndSpeedAreParsed' started at 2026-09-23 03:29:22.296
Test Case 'FITParserTests.testEnhancedAltitudeAndSpeedAreParsed' passed (0.0 seconds)
Test Case 'FITParserTests.testEventMessageIsParsed' started at 2026-09-23 03:29:22.296
Test Case 'FITParserTests.testEventMessageIsParsed' passed (0.0 seconds)
Test Case 'FITParserTests.testFITDecoderInterpolatesPartialTimestamps' started at 2026-09-23 03:29:22.296
Test Case 'FITParserTests.testFITDecoderInterpolatesPartialTimestamps' passed (0.0 seconds)
Test Case 'FITParserTests.testFITDecoderReturnsEmptyWhenGPSRecordsHaveNoTimestamps' started at 2026-09-23 03:29:22.296
Test Case 'FITParserTests.testFITDecoderReturnsEmptyWhenGPSRecordsHaveNoTimestamps' passed (0.0 seconds)
Test Case 'FITParserTests.testFileIDMessageIsParsed' started at 2026-09-23 03:29:22.296
Test Case 'FITParserTests.testFileIDMessageIsParsed' passed (0.0 seconds)
Test Case 'FITParserTests.testHundredThousandRecordsWithManyTimerSegmentsStayWithinLinearBudget' started at 2026-09-23 03:29:22.296
Test Case 'FITParserTests.testHundredThousandRecordsWithManyTimerSegmentsStayWithinLinearBudget' passed (0.375 seconds)
Test Case 'FITParserTests.testInlineFixtureBuilderEmitsSpecifiedDataTypeBytes' started at 2026-09-23 03:29:22.671
Test Case 'FITParserTests.testInlineFixtureBuilderEmitsSpecifiedDataTypeBytes' passed (0.0 seconds)
Test Case 'FITParserTests.testInvalidEnhancedMetricFallsBackToLegacyValue' started at 2026-09-23 03:29:22.671
Test Case 'FITParserTests.testInvalidEnhancedMetricFallsBackToLegacyValue' passed (0.0 seconds)
Test Case 'FITParserTests.testLapMessageUsesOfficialProfileFieldNumbers' started at 2026-09-23 03:29:22.671
Test Case 'FITParserTests.testLapMessageUsesOfficialProfileFieldNumbers' passed (0.0 seconds)
Test Case 'FITParserTests.testNegativeFITCoordinatesUseBitPatternSemantics' started at 2026-09-23 03:29:22.672
Test Case 'FITParserTests.testNegativeFITCoordinatesUseBitPatternSemantics' passed (0.1 seconds)
Test Case 'FITParserTests.testParserCooperativelyCancelsAtCheckpoint' started at 2026-09-23 03:29:22.772
Test Case 'FITParserTests.testParserCooperativelyCancelsAtCheckpoint' passed (0.0 seconds)
Test Case 'FITParserTests.testParserEnforcesDecodedMessageLimit' started at 2026-09-23 03:29:22.772
Test Case 'FITParserTests.testParserEnforcesDecodedMessageLimit' passed (0.0 seconds)
Test Case 'FITParserTests.testSameTimestampResumeKeepsFollowingUntimestampedRecord' started at 2026-09-23 03:29:22.773
Test Case 'FITParserTests.testSameTimestampResumeKeepsFollowingUntimestampedRecord' passed (0.0 seconds)
Test Case 'FITParserTests.testSessionAssociationDerivesStartTimeFromElapsedDuration' started at 2026-09-23 03:29:22.773
Test Case 'FITParserTests.testSessionAssociationDerivesStartTimeFromElapsedDuration' passed (0.0 seconds)
Test Case 'FITParserTests.testSessionMessageIsParsed' started at 2026-09-23 03:29:22.773
Test Case 'FITParserTests.testSessionMessageIsParsed' passed (0.0 seconds)
Test Case 'FITParserTests.testSessionMessageUsesOfficialProfileFieldNumbers' started at 2026-09-23 03:29:22.773
Test Case 'FITParserTests.testSessionMessageUsesOfficialProfileFieldNumbers' passed (0.0 seconds)
Test Case 'FITParserTests.testSessionSelectionFallsBackWithoutSessions' started at 2026-09-23 03:29:22.773
Test Case 'FITParserTests.testSessionSelectionFallsBackWithoutSessions' passed (0.0 seconds)
Test Case 'FITParserTests.testSessionSelectionRejectsHikingSport' started at 2026-09-23 03:29:22.773
Test Case 'FITParserTests.testSessionSelectionRejectsHikingSport' passed (0.0 seconds)
Test Case 'FITParserTests.testSessionSelectionRejectsMultipleRunningSessions' started at 2026-09-23 03:29:22.773
Test Case 'FITParserTests.testSessionSelectionRejectsMultipleRunningSessions' passed (0.0 seconds)
Test Case 'FITParserTests.testSessionSelectionRejectsNonRunningSport' started at 2026-09-23 03:29:22.774
Test Case 'FITParserTests.testSessionSelectionRejectsNonRunningSport' passed (0.0 seconds)
Test Case 'FITParserTests.testSessionSelectionWithSingleRunningSession' started at 2026-09-23 03:29:22.774
Test Case 'FITParserTests.testSessionSelectionWithSingleRunningSession' passed (0.0 seconds)
Test Case 'FITParserTests.testTimerEventSegmentationSplitsRoute' started at 2026-09-23 03:29:22.774
Test Case 'FITParserTests.testTimerEventSegmentationSplitsRoute' passed (0.001 seconds)
Test Case 'FITParserTests.testTrailingBytesAfterFileCRCThrows' started at 2026-09-23 03:29:22.775
Test Case 'FITParserTests.testTrailingBytesAfterFileCRCThrows' passed (0.0 seconds)
Test Case 'FITParserTests.testTruncatedDataThrows' started at 2026-09-23 03:29:22.775
Test Case 'FITParserTests.testTruncatedDataThrows' passed (0.0 seconds)
Test Case 'FITParserTests.testValidCRCParsesSuccessfully' started at 2026-09-23 03:29:22.775
Test Case 'FITParserTests.testValidCRCParsesSuccessfully' passed (0.0 seconds)
Test Case 'FITParserTests.testZeroHeaderCRCSkipsValidation' started at 2026-09-23 03:29:22.775
Test Case 'FITParserTests.testZeroHeaderCRCSkipsValidation' passed (0.0 seconds)
Test Suite 'FITParserTests' passed at 2026-09-23 03:29:22.775
	 Executed 40 tests, with 0 failures (0 unexpected) in 0.681 (0.681) seconds
Test Suite 'FITScalingTests' started at 2026-09-23 03:29:22.775
Test Case 'FITScalingTests.testScaledAltitudeToMeters100m' started at 2026-09-23 03:29:22.775
Test Case 'FITScalingTests.testScaledAltitudeToMeters100m' passed (0.0 seconds)
Test Case 'FITScalingTests.testScaledAltitudeToMetersSeaLevel' started at 2026-09-23 03:29:22.775
Test Case 'FITScalingTests.testScaledAltitudeToMetersSeaLevel' passed (0.0 seconds)
Test Case 'FITScalingTests.testScaledAltitudeToMetersZero' started at 2026-09-23 03:29:22.775
Test Case 'FITScalingTests.testScaledAltitudeToMetersZero' passed (0.0 seconds)
Test Case 'FITScalingTests.testScaledDistanceToMeters1km' started at 2026-09-23 03:29:22.775
Test Case 'FITScalingTests.testScaledDistanceToMeters1km' passed (0.0 seconds)
Test Case 'FITScalingTests.testScaledDistanceToMeters5km' started at 2026-09-23 03:29:22.775
Test Case 'FITScalingTests.testScaledDistanceToMeters5km' passed (0.0 seconds)
Test Case 'FITScalingTests.testScaledDistanceToMetersZero' started at 2026-09-23 03:29:22.775
Test Case 'FITScalingTests.testScaledDistanceToMetersZero' passed (0.0 seconds)
Test Case 'FITScalingTests.testScaledSpeedToMPS10kmh' started at 2026-09-23 03:29:22.775
Test Case 'FITScalingTests.testScaledSpeedToMPS10kmh' passed (0.0 seconds)
Test Case 'FITScalingTests.testScaledSpeedToMPS5minKm' started at 2026-09-23 03:29:22.775
Test Case 'FITScalingTests.testScaledSpeedToMPS5minKm' passed (0.0 seconds)
Test Case 'FITScalingTests.testScaledSpeedToMPSZero' started at 2026-09-23 03:29:22.775
Test Case 'FITScalingTests.testScaledSpeedToMPSZero' passed (0.0 seconds)
Test Case 'FITScalingTests.testSemicirclesToDegreesNegative' started at 2026-09-23 03:29:22.775
Test Case 'FITScalingTests.testSemicirclesToDegreesNegative' passed (0.0 seconds)
Test Case 'FITScalingTests.testSemicirclesToDegreesPositive90' started at 2026-09-23 03:29:22.775
Test Case 'FITScalingTests.testSemicirclesToDegreesPositive90' passed (0.0 seconds)
Test Case 'FITScalingTests.testSemicirclesToDegreesSanFrancisco' started at 2026-09-23 03:29:22.775
Test Case 'FITScalingTests.testSemicirclesToDegreesSanFrancisco' passed (0.0 seconds)
Test Case 'FITScalingTests.testSemicirclesToDegreesZero' started at 2026-09-23 03:29:22.776
Test Case 'FITScalingTests.testSemicirclesToDegreesZero' passed (0.0 seconds)
Test Case 'FITScalingTests.testTimestampToDateEpoch' started at 2026-09-23 03:29:22.776
Test Case 'FITScalingTests.testTimestampToDateEpoch' passed (0.0 seconds)
Test Case 'FITScalingTests.testTimestampToDateKnownValue' started at 2026-09-23 03:29:22.776
Test Case 'FITScalingTests.testTimestampToDateKnownValue' passed (0.0 seconds)
Test Case 'FITScalingTests.testTimestampToDateOneSecond' started at 2026-09-23 03:29:22.776
Test Case 'FITScalingTests.testTimestampToDateOneSecond' passed (0.0 seconds)
Test Suite 'FITScalingTests' passed at 2026-09-23 03:29:22.776
	 Executed 16 tests, with 0 failures (0 unexpected) in 0.001 (0.001) seconds
Test Suite 'FITSessionAttributionTests' started at 2026-09-23 03:29:22.776
Test Case 'FITSessionAttributionTests.testAttributionIsLinearInRecordsNotRecordsTimesSessions' started at 2026-09-23 03:29:22.776
Test Case 'FITSessionAttributionTests.testAttributionIsLinearInRecordsNotRecordsTimesSessions' passed (0.1 seconds)
Test Case 'FITSessionAttributionTests.testConflictingIndexClaimsFallBackToTimestamps' started at 2026-09-23 03:29:22.875
Test Case 'FITSessionAttributionTests.testConflictingIndexClaimsFallBackToTimestamps' passed (0.0 seconds)
Test Case 'FITSessionAttributionTests.testEndBeforeStartIsInvalidOrder' started at 2026-09-23 03:29:22.876
Test Case 'FITSessionAttributionTests.testEndBeforeStartIsInvalidOrder' passed (0.0 seconds)
Test Case 'FITSessionAttributionTests.testEventsScopedToOwningSession' started at 2026-09-23 03:29:22.876
Test Case 'FITSessionAttributionTests.testEventsScopedToOwningSession' passed (0.0 seconds)
Test Case 'FITSessionAttributionTests.testFullyContainedSessionIsAmbiguous' started at 2026-09-23 03:29:22.876
Test Case 'FITSessionAttributionTests.testFullyContainedSessionIsAmbiguous' passed (0.0 seconds)
Test Case 'FITSessionAttributionTests.testLapMessageIndexUsesLowerTwelveBits' started at 2026-09-23 03:29:22.876
Test Case 'FITSessionAttributionTests.testLapMessageIndexUsesLowerTwelveBits' passed (0.0 seconds)
Test Case 'FITSessionAttributionTests.testLapTimestampFallbackWhenIndexMetadataAbsent' started at 2026-09-23 03:29:22.876
Test Case 'FITSessionAttributionTests.testLapTimestampFallbackWhenIndexMetadataAbsent' passed (0.0 seconds)
Test Case 'FITSessionAttributionTests.testLapsAssociatedByFirstLapIndexAndCount' started at 2026-09-23 03:29:22.876
Test Case 'FITSessionAttributionTests.testLapsAssociatedByFirstLapIndexAndCount' passed (0.0 seconds)
Test Case 'FITSessionAttributionTests.testMaterialOverlapMarksBothSessionsAmbiguous' started at 2026-09-23 03:29:22.876
Test Case 'FITSessionAttributionTests.testMaterialOverlapMarksBothSessionsAmbiguous' passed (0.0 seconds)
Test Case 'FITSessionAttributionTests.testMessageIndexBuildChecksCancellationDuringAttribution' started at 2026-09-23 03:29:22.876
Test Case 'FITSessionAttributionTests.testMessageIndexBuildChecksCancellationDuringAttribution' passed (0.004 seconds)
Test Case 'FITSessionAttributionTests.testMissingEndFallsBackToNextOrderedSessionStart' started at 2026-09-23 03:29:22.880
Test Case 'FITSessionAttributionTests.testMissingEndFallsBackToNextOrderedSessionStart' passed (0.0 seconds)
Test Case 'FITSessionAttributionTests.testMissingEndWithNoNextSessionIsNotImportable' started at 2026-09-23 03:29:22.880
Test Case 'FITSessionAttributionTests.testMissingEndWithNoNextSessionIsNotImportable' passed (0.0 seconds)
Test Case 'FITSessionAttributionTests.testMissingEndWithUnorderedNextSessionIsNotImportable' started at 2026-09-23 03:29:22.880
Test Case 'FITSessionAttributionTests.testMissingEndWithUnorderedNextSessionIsNotImportable' passed (0.0 seconds)
Test Case 'FITSessionAttributionTests.testMissingStartIsNotImportable' started at 2026-09-23 03:29:22.880
Test Case 'FITSessionAttributionTests.testMissingStartIsNotImportable' passed (0.0 seconds)
Test Case 'FITSessionAttributionTests.testNoLapAppearsInTwoSessions' started at 2026-09-23 03:29:22.880
Test Case 'FITSessionAttributionTests.testNoLapAppearsInTwoSessions' passed (0.0 seconds)
Test Case 'FITSessionAttributionTests.testNonChronologicalSourceOrderStillAttributesCorrectlyAndPreservesOrder' started at 2026-09-23 03:29:22.881
Test Case 'FITSessionAttributionTests.testNonChronologicalSourceOrderStillAttributesCorrectlyAndPreservesOrder' passed (0.0 seconds)
Test Case 'FITSessionAttributionTests.testNonOverlappingThirdSessionStaysImportable' started at 2026-09-23 03:29:22.881
Test Case 'FITSessionAttributionTests.testNonOverlappingThirdSessionStaysImportable' passed (0.0 seconds)
Test Case 'FITSessionAttributionTests.testNonSharedInclusiveEndKeepsItsBoundaryRecord' started at 2026-09-23 03:29:22.881
Test Case 'FITSessionAttributionTests.testNonSharedInclusiveEndKeepsItsBoundaryRecord' passed (0.0 seconds)
Test Case 'FITSessionAttributionTests.testRecordsSplitBetweenSequentialSessions' started at 2026-09-23 03:29:22.881
Test Case 'FITSessionAttributionTests.testRecordsSplitBetweenSequentialSessions' passed (0.0 seconds)
Test Case 'FITSessionAttributionTests.testSessionDeclaringZeroLapsAbsorbsNoStrayLaps' started at 2026-09-23 03:29:22.881
Test Case 'FITSessionAttributionTests.testSessionDeclaringZeroLapsAbsorbsNoStrayLaps' passed (0.0 seconds)
Test Case 'FITSessionAttributionTests.testSharedBoundaryRecordBelongsToLaterSession' started at 2026-09-23 03:29:22.881
Test Case 'FITSessionAttributionTests.testSharedBoundaryRecordBelongsToLaterSession' passed (0.0 seconds)
Test Case 'FITSessionAttributionTests.testStartDerivedFromEndMinusElapsedWhenStartTimeInvalid' started at 2026-09-23 03:29:22.881
Test Case 'FITSessionAttributionTests.testStartDerivedFromEndMinusElapsedWhenStartTimeInvalid' passed (0.0 seconds)
Test Case 'FITSessionAttributionTests.testStartPrefersStartTime' started at 2026-09-23 03:29:22.881
Test Case 'FITSessionAttributionTests.testStartPrefersStartTime' passed (0.0 seconds)
Test Case 'FITSessionAttributionTests.testUnattributableLapIsExcluded' started at 2026-09-23 03:29:22.881
Test Case 'FITSessionAttributionTests.testUnattributableLapIsExcluded' passed (0.0 seconds)
Test Case 'FITSessionAttributionTests.testUntimestampedRecordsAreExcluded' started at 2026-09-23 03:29:22.881
Test Case 'FITSessionAttributionTests.testUntimestampedRecordsAreExcluded' passed (0.0 seconds)
Test Case 'FITSessionAttributionTests.testZeroLengthSessionDoesNotDemoteItself' started at 2026-09-23 03:29:22.881
Test Case 'FITSessionAttributionTests.testZeroLengthSessionDoesNotDemoteItself' passed (0.0 seconds)
Test Suite 'FITSessionAttributionTests' passed at 2026-09-23 03:29:22.882
	 Executed 26 tests, with 0 failures (0 unexpected) in 0.106 (0.106) seconds
Test Suite 'FITSessionCandidateClassifierTests' started at 2026-09-23 03:29:22.882
Test Case 'FITSessionCandidateClassifierTests.testAmbiguousBeforeResourceLimit' started at 2026-09-23 03:29:22.882
Test Case 'FITSessionCandidateClassifierTests.testAmbiguousBeforeResourceLimit' passed (0.0 seconds)
Test Case 'FITSessionCandidateClassifierTests.testBoundaryProblemBeforeAmbiguous' started at 2026-09-23 03:29:22.882
Test Case 'FITSessionCandidateClassifierTests.testBoundaryProblemBeforeAmbiguous' passed (0.0 seconds)
Test Case 'FITSessionCandidateClassifierTests.testLibraryDuplicate' started at 2026-09-23 03:29:22.882
Test Case 'FITSessionCandidateClassifierTests.testLibraryDuplicate' passed (0.0 seconds)
Test Case 'FITSessionCandidateClassifierTests.testNoGPSWhenOtherwiseReady' started at 2026-09-23 03:29:22.882
Test Case 'FITSessionCandidateClassifierTests.testNoGPSWhenOtherwiseReady' passed (0.0 seconds)
Test Case 'FITSessionCandidateClassifierTests.testReportLabelDoesNotTreatReadyAsImportedWhenCommitFailed' started at 2026-09-23 03:29:22.882
Test Case 'FITSessionCandidateClassifierTests.testReportLabelDoesNotTreatReadyAsImportedWhenCommitFailed' passed (0.0 seconds)
Test Case 'FITSessionCandidateClassifierTests.testResourceLimitBeforeNoGPS' started at 2026-09-23 03:29:22.882
Test Case 'FITSessionCandidateClassifierTests.testResourceLimitBeforeNoGPS' passed (0.0 seconds)
Test Case 'FITSessionCandidateClassifierTests.testRunningIsReadyWithoutDetail' started at 2026-09-23 03:29:22.882
Test Case 'FITSessionCandidateClassifierTests.testRunningIsReadyWithoutDetail' passed (0.0 seconds)
Test Case 'FITSessionCandidateClassifierTests.testUnknownSportIsReadyWithWarning' started at 2026-09-23 03:29:22.882
Test Case 'FITSessionCandidateClassifierTests.testUnknownSportIsReadyWithWarning' passed (0.0 seconds)
Test Case 'FITSessionCandidateClassifierTests.testUnsupportedSportWinsOverOtherProblems' started at 2026-09-23 03:29:22.882
Test Case 'FITSessionCandidateClassifierTests.testUnsupportedSportWinsOverOtherProblems' passed (0.0 seconds)
Test Case 'FITSessionCandidateClassifierTests.testWithinFileDuplicateBeforeLibraryDuplicate' started at 2026-09-23 03:29:22.882
Test Case 'FITSessionCandidateClassifierTests.testWithinFileDuplicateBeforeLibraryDuplicate' passed (0.0 seconds)
Test Suite 'FITSessionCandidateClassifierTests' passed at 2026-09-23 03:29:22.882
	 Executed 10 tests, with 0 failures (0 unexpected) in 0.001 (0.001) seconds
Test Suite 'FITSessionEndDerivationTests' started at 2026-09-23 03:29:22.882
Test Case 'FITSessionEndDerivationTests.testDeclaredEndIsPreferredWhenItIsAfterTheStart' started at 2026-09-23 03:29:22.882
Test Case 'FITSessionEndDerivationTests.testDeclaredEndIsPreferredWhenItIsAfterTheStart' passed (0.0 seconds)
Test Case 'FITSessionEndDerivationTests.testDegenerateEndDoesNotHideSessionGPSRecords' started at 2026-09-23 03:29:22.882
Test Case 'FITSessionEndDerivationTests.testDegenerateEndDoesNotHideSessionGPSRecords' passed (0.0 seconds)
Test Case 'FITSessionEndDerivationTests.testDegenerateEndIsDerivedFromElapsedTime' started at 2026-09-23 03:29:22.883
Test Case 'FITSessionEndDerivationTests.testDegenerateEndIsDerivedFromElapsedTime' passed (0.0 seconds)
Test Case 'FITSessionEndDerivationTests.testDerivedWindowSpansTheWholeSession' started at 2026-09-23 03:29:22.883
Test Case 'FITSessionEndDerivationTests.testDerivedWindowSpansTheWholeSession' passed (0.0 seconds)
Test Case 'FITSessionEndDerivationTests.testElapsedOverflowFallsBackToDeclaredEnd' started at 2026-09-23 03:29:22.883
Test Case 'FITSessionEndDerivationTests.testElapsedOverflowFallsBackToDeclaredEnd' passed (0.0 seconds)
Test Case 'FITSessionEndDerivationTests.testEndBeforeStartIsDerived' started at 2026-09-23 03:29:22.883
Test Case 'FITSessionEndDerivationTests.testEndBeforeStartIsDerived' passed (0.0 seconds)
Test Case 'FITSessionEndDerivationTests.testLapsAnchorAtStartTimeInsideDerivedMultiSessionRanges' started at 2026-09-23 03:29:22.883
Test Case 'FITSessionEndDerivationTests.testLapsAnchorAtStartTimeInsideDerivedMultiSessionRanges' passed (0.0 seconds)
Test Case 'FITSessionEndDerivationTests.testMissingStartIsStillDerivedFromEnd' started at 2026-09-23 03:29:22.883
Test Case 'FITSessionEndDerivationTests.testMissingStartIsStillDerivedFromEnd' passed (0.0 seconds)
Test Case 'FITSessionEndDerivationTests.testMultiSessionDegenerateEndsDerivePerSession' started at 2026-09-23 03:29:22.883
Test Case 'FITSessionEndDerivationTests.testMultiSessionDegenerateEndsDerivePerSession' passed (0.0 seconds)
Test Case 'FITSessionEndDerivationTests.testNoElapsedTimeLeavesDeclaredEndAlone' started at 2026-09-23 03:29:22.883
Test Case 'FITSessionEndDerivationTests.testNoElapsedTimeLeavesDeclaredEndAlone' passed (0.0 seconds)
Test Case 'FITSessionEndDerivationTests.testRealFileShapeContainerImportsEveryRecordAndLap' started at 2026-09-23 03:29:22.883
Test Case 'FITSessionEndDerivationTests.testRealFileShapeContainerImportsEveryRecordAndLap' passed (0.001 seconds)
Test Suite 'FITSessionEndDerivationTests' passed at 2026-09-23 03:29:22.884
	 Executed 11 tests, with 0 failures (0 unexpected) in 0.002 (0.002) seconds
Test Suite 'FileWorkoutLibraryStoreTests' started at 2026-09-23 03:29:22.884
Test Case 'FileWorkoutLibraryStoreTests.testCorruptManifestThrows' started at 2026-09-23 03:29:22.884
Test Case 'FileWorkoutLibraryStoreTests.testCorruptManifestThrows' passed (0.065 seconds)
Test Case 'FileWorkoutLibraryStoreTests.testCorruptWorkoutFileAmongValid' started at 2026-09-23 03:29:22.949
Test Case 'FileWorkoutLibraryStoreTests.testCorruptWorkoutFileAmongValid' passed (0.236 seconds)
Test Case 'FileWorkoutLibraryStoreTests.testDateRoundTrip' started at 2026-09-23 03:29:23.185
Test Case 'FileWorkoutLibraryStoreTests.testDateRoundTrip' passed (0.171 seconds)
Test Case 'FileWorkoutLibraryStoreTests.testDeleteNonexistentWorkoutDoesNotThrow' started at 2026-09-23 03:29:23.356
Test Case 'FileWorkoutLibraryStoreTests.testDeleteNonexistentWorkoutDoesNotThrow' passed (0.0 seconds)
Test Case 'FileWorkoutLibraryStoreTests.testDeleteWorkout' started at 2026-09-23 03:29:23.356
Test Case 'FileWorkoutLibraryStoreTests.testDeleteWorkout' passed (0.031 seconds)
Test Case 'FileWorkoutLibraryStoreTests.testDeletionPersistsAfterReload' started at 2026-09-23 03:29:23.387
Test Case 'FileWorkoutLibraryStoreTests.testDeletionPersistsAfterReload' passed (0.103 seconds)
Test Case 'FileWorkoutLibraryStoreTests.testFailedWorkoutWritePreservesPriorValidData' started at 2026-09-23 03:29:23.490
Test Case 'FileWorkoutLibraryStoreTests.testFailedWorkoutWritePreservesPriorValidData' passed (0.003 seconds)
Test Case 'FileWorkoutLibraryStoreTests.testLegacyWorkoutDefaultsRouteQualityFieldsAndPreservesExistingWarnings' started at 2026-09-23 03:29:23.492
Test Case 'FileWorkoutLibraryStoreTests.testLegacyWorkoutDefaultsRouteQualityFieldsAndPreservesExistingWarnings' passed (0.003 seconds)
Test Case 'FileWorkoutLibraryStoreTests.testLoadManifestFromEmptyLibraryThrows' started at 2026-09-23 03:29:23.495
Test Case 'FileWorkoutLibraryStoreTests.testLoadManifestFromEmptyLibraryThrows' passed (0.0 seconds)
Test Case 'FileWorkoutLibraryStoreTests.testMalformedStoredLapIsSkippedWithoutLosingValidWorkout' started at 2026-09-23 03:29:23.495
Test Case 'FileWorkoutLibraryStoreTests.testMalformedStoredLapIsSkippedWithoutLosingValidWorkout' passed (0.002 seconds)
Test Case 'FileWorkoutLibraryStoreTests.testManifestEquality' started at 2026-09-23 03:29:23.497
Test Case 'FileWorkoutLibraryStoreTests.testManifestEquality' passed (0.0 seconds)
Test Case 'FileWorkoutLibraryStoreTests.testManifestInequalityDifferentOrder' started at 2026-09-23 03:29:23.497
Test Case 'FileWorkoutLibraryStoreTests.testManifestInequalityDifferentOrder' passed (0.0 seconds)
Test Case 'FileWorkoutLibraryStoreTests.testMissingWorkoutFileReferencedByManifest' started at 2026-09-23 03:29:23.497
Test Case 'FileWorkoutLibraryStoreTests.testMissingWorkoutFileReferencedByManifest' passed (0.001 seconds)
Test Case 'FileWorkoutLibraryStoreTests.testNilSelectedWorkoutPreserved' started at 2026-09-23 03:29:23.498
Test Case 'FileWorkoutLibraryStoreTests.testNilSelectedWorkoutPreserved' passed (0.001 seconds)
Test Case 'FileWorkoutLibraryStoreTests.testOlderSchemaVersionThrowsWithoutMigration' started at 2026-09-23 03:29:23.499
Test Case 'FileWorkoutLibraryStoreTests.testOlderSchemaVersionThrowsWithoutMigration' passed (0.001 seconds)
Test Case 'FileWorkoutLibraryStoreTests.testOrderPreservedAcrossReload' started at 2026-09-23 03:29:23.500
Test Case 'FileWorkoutLibraryStoreTests.testOrderPreservedAcrossReload' passed (0.002 seconds)
Test Case 'FileWorkoutLibraryStoreTests.testRecordedLapsAndDiagnosticsSurviveReload' started at 2026-09-23 03:29:23.502
Test Case 'FileWorkoutLibraryStoreTests.testRecordedLapsAndDiagnosticsSurviveReload' passed (0.001 seconds)
Test Case 'FileWorkoutLibraryStoreTests.testRoutePointsRoundTrip' started at 2026-09-23 03:29:23.503
Test Case 'FileWorkoutLibraryStoreTests.testRoutePointsRoundTrip' passed (0.102 seconds)
Test Case 'FileWorkoutLibraryStoreTests.testSaveAndReloadMultipleWorkouts' started at 2026-09-23 03:29:23.605
Test Case 'FileWorkoutLibraryStoreTests.testSaveAndReloadMultipleWorkouts' passed (0.002 seconds)
Test Case 'FileWorkoutLibraryStoreTests.testSaveAndReloadOneWorkout' started at 2026-09-23 03:29:23.607
Test Case 'FileWorkoutLibraryStoreTests.testSaveAndReloadOneWorkout' passed (0.002 seconds)
Test Case 'FileWorkoutLibraryStoreTests.testSegmentsRoundTrip' started at 2026-09-23 03:29:23.609
Test Case 'FileWorkoutLibraryStoreTests.testSegmentsRoundTrip' passed (0.001 seconds)
Test Case 'FileWorkoutLibraryStoreTests.testSelectedWorkoutRestored' started at 2026-09-23 03:29:23.610
Test Case 'FileWorkoutLibraryStoreTests.testSelectedWorkoutRestored' passed (0.101 seconds)
Test Case 'FileWorkoutLibraryStoreTests.testSplitsRoundTrip' started at 2026-09-23 03:29:23.711
Test Case 'FileWorkoutLibraryStoreTests.testSplitsRoundTrip' passed (0.001 seconds)
Test Case 'FileWorkoutLibraryStoreTests.testSummaryRoundTrip' started at 2026-09-23 03:29:23.713
Test Case 'FileWorkoutLibraryStoreTests.testSummaryRoundTrip' passed (0.001 seconds)
Test Case 'FileWorkoutLibraryStoreTests.testUUIDRoundTrip' started at 2026-09-23 03:29:23.714
Test Case 'FileWorkoutLibraryStoreTests.testUUIDRoundTrip' passed (0.102 seconds)
Test Case 'FileWorkoutLibraryStoreTests.testUnsupportedSchemaVersionThrows' started at 2026-09-23 03:29:23.816
Test Case 'FileWorkoutLibraryStoreTests.testUnsupportedSchemaVersionThrows' passed (0.001 seconds)
Test Case 'FileWorkoutLibraryStoreTests.testUpdateExistingWorkout' started at 2026-09-23 03:29:23.816
Test Case 'FileWorkoutLibraryStoreTests.testUpdateExistingWorkout' passed (0.002 seconds)
Test Case 'FileWorkoutLibraryStoreTests.testWorkoutExistsReturnsFalseForMissing' started at 2026-09-23 03:29:23.818
Test Case 'FileWorkoutLibraryStoreTests.testWorkoutExistsReturnsFalseForMissing' passed (0.1 seconds)
Test Case 'FileWorkoutLibraryStoreTests.testWorkoutExistsReturnsTrueForSaved' started at 2026-09-23 03:29:23.919
Test Case 'FileWorkoutLibraryStoreTests.testWorkoutExistsReturnsTrueForSaved' passed (0.001 seconds)
Test Case 'FileWorkoutLibraryStoreTests.testWorkoutLibraryErrorEquatable' started at 2026-09-23 03:29:23.920
Test Case 'FileWorkoutLibraryStoreTests.testWorkoutLibraryErrorEquatable' passed (0.0 seconds)
Test Case 'FileWorkoutLibraryStoreTests.testWorkoutMissingRequiredSummaryFieldIsReportedCorrupted' started at 2026-09-23 03:29:23.920
Test Case 'FileWorkoutLibraryStoreTests.testWorkoutMissingRequiredSummaryFieldIsReportedCorrupted' passed (0.002 seconds)
Test Suite 'FileWorkoutLibraryStoreTests' passed at 2026-09-23 03:29:23.922
	 Executed 31 tests, with 0 failures (0 unexpected) in 1.038 (1.038) seconds
Test Suite 'GeoDistanceTests' started at 2026-09-23 03:29:23.922
Test Case 'GeoDistanceTests.testDistanceBetweenSamePointIsZero' started at 2026-09-23 03:29:23.922
Test Case 'GeoDistanceTests.testDistanceBetweenSamePointIsZero' passed (0.0 seconds)
Test Case 'GeoDistanceTests.testDistanceEquatorOneDegreeLongitude' started at 2026-09-23 03:29:23.922
Test Case 'GeoDistanceTests.testDistanceEquatorOneDegreeLongitude' passed (0.0 seconds)
Test Case 'GeoDistanceTests.testDistanceIsSymmetric' started at 2026-09-23 03:29:23.923
Test Case 'GeoDistanceTests.testDistanceIsSymmetric' passed (0.0 seconds)
Test Case 'GeoDistanceTests.testDistanceOneDegreeLatitude' started at 2026-09-23 03:29:23.923
Test Case 'GeoDistanceTests.testDistanceOneDegreeLatitude' passed (0.0 seconds)
Test Case 'GeoDistanceTests.testDistanceSanFranciscoToLosAngeles' started at 2026-09-23 03:29:23.923
Test Case 'GeoDistanceTests.testDistanceSanFranciscoToLosAngeles' passed (0.0 seconds)
Test Case 'GeoDistanceTests.testInfinityCoordinateRejected' started at 2026-09-23 03:29:23.923
Test Case 'GeoDistanceTests.testInfinityCoordinateRejected' passed (0.0 seconds)
Test Case 'GeoDistanceTests.testInfinityLongitudeReturnsZero' started at 2026-09-23 03:29:23.923
Test Case 'GeoDistanceTests.testInfinityLongitudeReturnsZero' passed (0.0 seconds)
Test Case 'GeoDistanceTests.testInvalidLatitudeRejected' started at 2026-09-23 03:29:23.923
Test Case 'GeoDistanceTests.testInvalidLatitudeRejected' passed (0.0 seconds)
Test Case 'GeoDistanceTests.testInvalidLatitudeReturnsZero' started at 2026-09-23 03:29:23.923
Test Case 'GeoDistanceTests.testInvalidLatitudeReturnsZero' passed (0.0 seconds)
Test Case 'GeoDistanceTests.testInvalidLongitudeRejected' started at 2026-09-23 03:29:23.923
Test Case 'GeoDistanceTests.testInvalidLongitudeRejected' passed (0.0 seconds)
Test Case 'GeoDistanceTests.testInvalidLongitudeReturnsZero' started at 2026-09-23 03:29:23.923
Test Case 'GeoDistanceTests.testInvalidLongitudeReturnsZero' passed (0.0 seconds)
Test Case 'GeoDistanceTests.testNaNCoordinateRejected' started at 2026-09-23 03:29:23.923
Test Case 'GeoDistanceTests.testNaNCoordinateRejected' passed (0.0 seconds)
Test Case 'GeoDistanceTests.testNaNLatitudeReturnsZero' started at 2026-09-23 03:29:23.923
Test Case 'GeoDistanceTests.testNaNLatitudeReturnsZero' passed (0.0 seconds)
Test Case 'GeoDistanceTests.testSouthernHemisphereDistance' started at 2026-09-23 03:29:23.923
Test Case 'GeoDistanceTests.testSouthernHemisphereDistance' passed (0.1 seconds)
Test Case 'GeoDistanceTests.testValidCoordinateAccepted' started at 2026-09-23 03:29:24.024
Test Case 'GeoDistanceTests.testValidCoordinateAccepted' passed (0.0 seconds)
Test Case 'GeoDistanceTests.testWesternHemisphereDistance' started at 2026-09-23 03:29:24.024
Test Case 'GeoDistanceTests.testWesternHemisphereDistance' passed (0.0 seconds)
Test Suite 'GeoDistanceTests' passed at 2026-09-23 03:29:24.024
	 Executed 16 tests, with 0 failures (0 unexpected) in 0.101 (0.101) seconds
Test Suite 'ImporterDispatchTests' started at 2026-09-23 03:29:24.024
Test Case 'ImporterDispatchTests.testAllImportersHaveSupportedExtensions' started at 2026-09-23 03:29:24.024
Test Case 'ImporterDispatchTests.testAllImportersHaveSupportedExtensions' passed (0.0 seconds)
Test Case 'ImporterDispatchTests.testCaseInsensitiveExtension' started at 2026-09-23 03:29:24.024
Test Case 'ImporterDispatchTests.testCaseInsensitiveExtension' passed (0.0 seconds)
Test Case 'ImporterDispatchTests.testFITImporterDispatchedByExtension' started at 2026-09-23 03:29:24.024
Test Case 'ImporterDispatchTests.testFITImporterDispatchedByExtension' passed (0.0 seconds)
Test Case 'ImporterDispatchTests.testGPXImporterDispatchedByExtension' started at 2026-09-23 03:29:24.024
Test Case 'ImporterDispatchTests.testGPXImporterDispatchedByExtension' passed (0.0 seconds)
Test Case 'ImporterDispatchTests.testImportersRejectMissingFiles' started at 2026-09-23 03:29:24.024
Test Case 'ImporterDispatchTests.testImportersRejectMissingFiles' passed (0.0 seconds)
Test Case 'ImporterDispatchTests.testImportersRejectNonFileURLs' started at 2026-09-23 03:29:24.024
Test Case 'ImporterDispatchTests.testImportersRejectNonFileURLs' passed (0.0 seconds)
Test Case 'ImporterDispatchTests.testJSONImporterDispatchedByExtension' started at 2026-09-23 03:29:24.024
Test Case 'ImporterDispatchTests.testJSONImporterDispatchedByExtension' passed (0.0 seconds)
Test Case 'ImporterDispatchTests.testSupportedExtensionsContainsFIT' started at 2026-09-23 03:29:24.025
Test Case 'ImporterDispatchTests.testSupportedExtensionsContainsFIT' passed (0.0 seconds)
Test Case 'ImporterDispatchTests.testSupportedExtensionsContainsGPX' started at 2026-09-23 03:29:24.025
Test Case 'ImporterDispatchTests.testSupportedExtensionsContainsGPX' passed (0.0 seconds)
Test Case 'ImporterDispatchTests.testSupportedExtensionsContainsJSON' started at 2026-09-23 03:29:24.025
Test Case 'ImporterDispatchTests.testSupportedExtensionsContainsJSON' passed (0.0 seconds)
Test Case 'ImporterDispatchTests.testSupportedExtensionsContainsTCX' started at 2026-09-23 03:29:24.025
Test Case 'ImporterDispatchTests.testSupportedExtensionsContainsTCX' passed (0.0 seconds)
Test Case 'ImporterDispatchTests.testSupportedExtensionsCount' started at 2026-09-23 03:29:24.025
Test Case 'ImporterDispatchTests.testSupportedExtensionsCount' passed (0.0 seconds)
Test Case 'ImporterDispatchTests.testTCXImporterDispatchedByExtension' started at 2026-09-23 03:29:24.025
Test Case 'ImporterDispatchTests.testTCXImporterDispatchedByExtension' passed (0.0 seconds)
Test Case 'ImporterDispatchTests.testUnsupportedExtensionThrows' started at 2026-09-23 03:29:24.025
Test Case 'ImporterDispatchTests.testUnsupportedExtensionThrows' passed (0.0 seconds)
Test Suite 'ImporterDispatchTests' passed at 2026-09-23 03:29:24.025
	 Executed 14 tests, with 0 failures (0 unexpected) in 0.001 (0.001) seconds
Test Suite 'MetricSmootherTests' started at 2026-09-23 03:29:24.025
Test Case 'MetricSmootherTests.testMovingAveragePreservesLengthAndAveragesWindow' started at 2026-09-23 03:29:24.025
Test Case 'MetricSmootherTests.testMovingAveragePreservesLengthAndAveragesWindow' passed (0.0 seconds)
Test Case 'MetricSmootherTests.testMovingAverageShortSeriesIsUnchanged' started at 2026-09-23 03:29:24.025
Test Case 'MetricSmootherTests.testMovingAverageShortSeriesIsUnchanged' passed (0.0 seconds)
Test Suite 'MetricSmootherTests' passed at 2026-09-23 03:29:24.025
	 Executed 2 tests, with 0 failures (0 unexpected) in 0.0 (0.0) seconds
Test Suite 'MetricValidationTests' started at 2026-09-23 03:29:24.025
Test Case 'MetricValidationTests.testCadenceValidationAcceptsSupportedRange' started at 2026-09-23 03:29:24.025
Test Case 'MetricValidationTests.testCadenceValidationAcceptsSupportedRange' passed (0.0 seconds)
Test Case 'MetricValidationTests.testCadenceValidationRejectsMalformedValues' started at 2026-09-23 03:29:24.025
Test Case 'MetricValidationTests.testCadenceValidationRejectsMalformedValues' passed (0.0 seconds)
Test Case 'MetricValidationTests.testFormatPaceShortInfinityReturnsFallback' started at 2026-09-23 03:29:24.025
Test Case 'MetricValidationTests.testFormatPaceShortInfinityReturnsFallback' passed (0.0 seconds)
Test Case 'MetricValidationTests.testFormatPaceShortNaNReturnsFallback' started at 2026-09-23 03:29:24.025
Test Case 'MetricValidationTests.testFormatPaceShortNaNReturnsFallback' passed (0.0 seconds)
Test Case 'MetricValidationTests.testFormatPaceShortNegativeReturnsFallback' started at 2026-09-23 03:29:24.026
Test Case 'MetricValidationTests.testFormatPaceShortNegativeReturnsFallback' passed (0.0 seconds)
Test Case 'MetricValidationTests.testFormatPaceShortNilReturnsFallback' started at 2026-09-23 03:29:24.026
Test Case 'MetricValidationTests.testFormatPaceShortNilReturnsFallback' passed (0.0 seconds)
Test Case 'MetricValidationTests.testFormatPaceShortNormal' started at 2026-09-23 03:29:24.026
Test Case 'MetricValidationTests.testFormatPaceShortNormal' passed (0.0 seconds)
Test Case 'MetricValidationTests.testFormatPaceShortZeroReturnsFallback' started at 2026-09-23 03:29:24.026
Test Case 'MetricValidationTests.testFormatPaceShortZeroReturnsFallback' passed (0.0 seconds)
Test Case 'MetricValidationTests.testInvalidHeartRateInfinity' started at 2026-09-23 03:29:24.026
Test Case 'MetricValidationTests.testInvalidHeartRateInfinity' passed (0.0 seconds)
Test Case 'MetricValidationTests.testInvalidHeartRateJustAboveRange' started at 2026-09-23 03:29:24.026
Test Case 'MetricValidationTests.testInvalidHeartRateJustAboveRange' passed (0.0 seconds)
Test Case 'MetricValidationTests.testInvalidHeartRateJustBelowRange' started at 2026-09-23 03:29:24.026
Test Case 'MetricValidationTests.testInvalidHeartRateJustBelowRange' passed (0.0 seconds)
Test Case 'MetricValidationTests.testInvalidHeartRateNaN' started at 2026-09-23 03:29:24.026
Test Case 'MetricValidationTests.testInvalidHeartRateNaN' passed (0.0 seconds)
Test Case 'MetricValidationTests.testInvalidHeartRateNegative' started at 2026-09-23 03:29:24.026
Test Case 'MetricValidationTests.testInvalidHeartRateNegative' passed (0.0 seconds)
Test Case 'MetricValidationTests.testInvalidHeartRateNegativeInfinity' started at 2026-09-23 03:29:24.026
Test Case 'MetricValidationTests.testInvalidHeartRateNegativeInfinity' passed (0.0 seconds)
Test Case 'MetricValidationTests.testInvalidHeartRateZero' started at 2026-09-23 03:29:24.026
Test Case 'MetricValidationTests.testInvalidHeartRateZero' passed (0.0 seconds)
Test Case 'MetricValidationTests.testValidHeartRateLowerBound' started at 2026-09-23 03:29:24.026
Test Case 'MetricValidationTests.testValidHeartRateLowerBound' passed (0.0 seconds)
Test Case 'MetricValidationTests.testValidHeartRateMidpoint' started at 2026-09-23 03:29:24.026
Test Case 'MetricValidationTests.testValidHeartRateMidpoint' passed (0.0 seconds)
Test Case 'MetricValidationTests.testValidHeartRateUpperBound' started at 2026-09-23 03:29:24.026
Test Case 'MetricValidationTests.testValidHeartRateUpperBound' passed (0.0 seconds)
Test Suite 'MetricValidationTests' passed at 2026-09-23 03:29:24.026
	 Executed 18 tests, with 0 failures (0 unexpected) in 0.001 (0.001) seconds
Test Suite 'MovementClockInvariantTests' started at 2026-09-23 03:29:24.026
Test Case 'MovementClockInvariantTests.testDefaultDistanceComparisonBuildsMovementProfiles' started at 2026-09-23 03:29:24.026
Test Case 'MovementClockInvariantTests.testDefaultDistanceComparisonBuildsMovementProfiles' passed (0.0 seconds)
Test Case 'MovementClockInvariantTests.testDistanceComparisonInterpolatesMovementClocksAtSelectedDistance' started at 2026-09-23 03:29:24.027
Test Case 'MovementClockInvariantTests.testDistanceComparisonInterpolatesMovementClocksAtSelectedDistance' passed (0.0 seconds)
Test Case 'MovementClockInvariantTests.testSplitDerivesStoppedTimeFromActiveAndMovingClocks' started at 2026-09-23 03:29:24.027
Test Case 'MovementClockInvariantTests.testSplitDerivesStoppedTimeFromActiveAndMovingClocks' passed (0.0 seconds)
Test Case 'MovementClockInvariantTests.testSummaryDerivesMovingPaceAndSpeed' started at 2026-09-23 03:29:24.027
Test Case 'MovementClockInvariantTests.testSummaryDerivesMovingPaceAndSpeed' passed (0.0 seconds)
Test Case 'MovementClockInvariantTests.testSummaryDerivesStoppedTimeFromActiveAndMovingClocks' started at 2026-09-23 03:29:24.027
Test Case 'MovementClockInvariantTests.testSummaryDerivesStoppedTimeFromActiveAndMovingClocks' passed (0.0 seconds)
Test Case 'MovementClockInvariantTests.testWorkoutCodableRoundTripsMovementDiagnostics' started at 2026-09-23 03:29:24.027
Test Case 'MovementClockInvariantTests.testWorkoutCodableRoundTripsMovementDiagnostics' passed (0.0 seconds)
Test Suite 'MovementClockInvariantTests' passed at 2026-09-23 03:29:24.028
	 Executed 6 tests, with 0 failures (0 unexpected) in 0.001 (0.001) seconds
Test Suite 'MovementProfileTests' started at 2026-09-23 03:29:24.028
Test Case 'MovementProfileTests.testAllMovingWorkoutProducesNoStoppedTime' started at 2026-09-23 03:29:24.028
Test Case 'MovementProfileTests.testAllMovingWorkoutProducesNoStoppedTime' passed (0.1 seconds)
Test Case 'MovementProfileTests.testCumulativeArraysAreMonotonic' started at 2026-09-23 03:29:24.128
Test Case 'MovementProfileTests.testCumulativeArraysAreMonotonic' passed (0.1 seconds)
Test Case 'MovementProfileTests.testDiagnosticsArePopulated' started at 2026-09-23 03:29:24.228
Test Case 'MovementProfileTests.testDiagnosticsArePopulated' passed (0.101 seconds)
Test Case 'MovementProfileTests.testDistanceRangeInterpolatesMovementAtSplitBoundary' started at 2026-09-23 03:29:24.329
Test Case 'MovementProfileTests.testDistanceRangeInterpolatesMovementAtSplitBoundary' passed (0.0 seconds)
Test Case 'MovementProfileTests.testEmptyRouteReturnsEmptyProfile' started at 2026-09-23 03:29:24.329
Test Case 'MovementProfileTests.testEmptyRouteReturnsEmptyProfile' passed (0.1 seconds)
Test Case 'MovementProfileTests.testInterpolatedSampleOutsideAdjacentActiveBoundsUsesPointValue' started at 2026-09-23 03:29:24.429
Test Case 'MovementProfileTests.testInterpolatedSampleOutsideAdjacentActiveBoundsUsesPointValue' passed (0.0 seconds)
Test Case 'MovementProfileTests.testMovingSecondsInDistanceRange' started at 2026-09-23 03:29:24.430
Test Case 'MovementProfileTests.testMovingSecondsInDistanceRange' passed (0.1 seconds)
Test Case 'MovementProfileTests.testOneSecondStationaryDwellUsesReliableTiming' started at 2026-09-23 03:29:24.530
Test Case 'MovementProfileTests.testOneSecondStationaryDwellUsesReliableTiming' passed (0.0 seconds)
Test Case 'MovementProfileTests.testSegmentBoundariesArePausedNotStopped' started at 2026-09-23 03:29:24.530
Test Case 'MovementProfileTests.testSegmentBoundariesArePausedNotStopped' passed (0.1 seconds)
Test Case 'MovementProfileTests.testShortBlipDoesNotTriggerFalseStop' started at 2026-09-23 03:29:24.631
Test Case 'MovementProfileTests.testShortBlipDoesNotTriggerFalseStop' passed (0.0 seconds)
Test Case 'MovementProfileTests.testSinglePointReturnsEmptyProfile' started at 2026-09-23 03:29:24.631
Test Case 'MovementProfileTests.testSinglePointReturnsEmptyProfile' passed (0.0 seconds)
Test Case 'MovementProfileTests.testSparseTimingUsesConservativeFallback' started at 2026-09-23 03:29:24.631
Test Case 'MovementProfileTests.testSparseTimingUsesConservativeFallback' passed (0.0 seconds)
Test Case 'MovementProfileTests.testStationaryPointsProduceStop' started at 2026-09-23 03:29:24.631
Test Case 'MovementProfileTests.testStationaryPointsProduceStop' passed (0.0 seconds)
Test Case 'MovementProfileTests.testStopFollowedByResume' started at 2026-09-23 03:29:24.632
Test Case 'MovementProfileTests.testStopFollowedByResume' passed (0.0 seconds)
Test Suite 'MovementProfileTests' passed at 2026-09-23 03:29:24.632
	 Executed 14 tests, with 0 failures (0 unexpected) in 0.604 (0.604) seconds
Test Suite 'NativeCallCardinalityTests' started at 2026-09-23 03:29:24.632
Test Case 'NativeCallCardinalityTests.testConstrainedDTWAlignerCallsNativeOncePerAlignmentAttempt' started at 2026-09-23 03:29:24.632
Test Case 'NativeCallCardinalityTests.testConstrainedDTWAlignerCallsNativeOncePerAlignmentAttempt' passed (0.105 seconds)
Test Case 'NativeCallCardinalityTests.testElevationProfileBuildCallsNativeExactlyOnce' started at 2026-09-23 03:29:24.737
Test Case 'NativeCallCardinalityTests.testElevationProfileBuildCallsNativeExactlyOnce' passed (0.001 seconds)
Test Case 'NativeCallCardinalityTests.testEmptyRouteCallsNoNativeElevationOrQuality' started at 2026-09-23 03:29:24.738
Test Case 'NativeCallCardinalityTests.testEmptyRouteCallsNoNativeElevationOrQuality' passed (0.0 seconds)
Test Case 'NativeCallCardinalityTests.testObservationScopeExcludesWorkDoneOutsideIt' started at 2026-09-23 03:29:24.738
Test Case 'NativeCallCardinalityTests.testObservationScopeExcludesWorkDoneOutsideIt' passed (0.001 seconds)
Test Case 'NativeCallCardinalityTests.testPersonalHeatmapBuilderCallsNativeOncePerWorkoutInASinglePass' started at 2026-09-23 03:29:24.739
Test Case 'NativeCallCardinalityTests.testPersonalHeatmapBuilderCallsNativeOncePerWorkoutInASinglePass' passed (0.001 seconds)
Test Case 'NativeCallCardinalityTests.testPersonalHeatmapBuilderCallsNativeOncePerWorkoutPerAdaptiveAttemptPlusCapacityRetries' started at 2026-09-23 03:29:24.740
Test Case 'NativeCallCardinalityTests.testPersonalHeatmapBuilderCallsNativeOncePerWorkoutPerAdaptiveAttemptPlusCapacityRetries' passed (0.002 seconds)
Test Case 'NativeCallCardinalityTests.testRouteQualityProcessorCallsQualityAndElevationExactlyOnce' started at 2026-09-23 03:29:24.742
Test Case 'NativeCallCardinalityTests.testRouteQualityProcessorCallsQualityAndElevationExactlyOnce' passed (0.001 seconds)
Test Case 'NativeCallCardinalityTests.testSegmentDetectorCallsNativeExactlyOnce' started at 2026-09-23 03:29:24.743
Test Case 'NativeCallCardinalityTests.testSegmentDetectorCallsNativeExactlyOnce' passed (0.001 seconds)
Test Suite 'NativeCallCardinalityTests' passed at 2026-09-23 03:29:24.745
	 Executed 8 tests, with 0 failures (0 unexpected) in 0.113 (0.113) seconds
Test Suite 'PersonalHeatmapAggregationBenchmark' started at 2026-09-23 03:29:24.745
Test Case 'PersonalHeatmapAggregationBenchmark.testPersonalHeatmapAggregationBenchmark' started at 2026-09-23 03:29:24.745
/__w/runplay-studio/runplay-studio/RunPlayCore/Tests/RunPlayCoreTests/PersonalHeatmapAggregationBenchmark.swift:20: PersonalHeatmapAggregationBenchmark.testPersonalHeatmapAggregationBenchmark : Test skipped: required false value but got true - Set RUNPLAY_HEATMAP_AGGREGATION_BENCHMARK=1 to run the release benchmark.
Test Case 'PersonalHeatmapAggregationBenchmark.testPersonalHeatmapAggregationBenchmark' skipped (0.0 seconds)
Test Suite 'PersonalHeatmapAggregationBenchmark' passed at 2026-09-23 03:29:24.745
	 Executed 1 test, with 1 test skipped and 0 failures (0 unexpected) in 0.0 (0.0) seconds
Test Suite 'PersonalHeatmapAggregationOptimizationTests' started at 2026-09-23 03:29:24.745
Test Case 'PersonalHeatmapAggregationOptimizationTests.testCancellationDuringDirectConsumptionPublishesNoSnapshot' started at 2026-09-23 03:29:24.745
Test Case 'PersonalHeatmapAggregationOptimizationTests.testCancellationDuringDirectConsumptionPublishesNoSnapshot' passed (0.003 seconds)
Test Case 'PersonalHeatmapAggregationOptimizationTests.testCapacityPolicyCapsDateEligibleRoutePointTotal' started at 2026-09-23 03:29:24.748
Test Case 'PersonalHeatmapAggregationOptimizationTests.testCapacityPolicyCapsDateEligibleRoutePointTotal' passed (0.0 seconds)
Test Case 'PersonalHeatmapAggregationOptimizationTests.testCapacityPolicyInitialAndLaterHintsAreBounded' started at 2026-09-23 03:29:24.748
Test Case 'PersonalHeatmapAggregationOptimizationTests.testCapacityPolicyInitialAndLaterHintsAreBounded' passed (0.0 seconds)
Test Case 'PersonalHeatmapAggregationOptimizationTests.testCellIDCodableAndYThenXOrderingRemainStable' started at 2026-09-23 03:29:24.748
Test Case 'PersonalHeatmapAggregationOptimizationTests.testCellIDCodableAndYThenXOrderingRemainStable' passed (0.0 seconds)
Test Case 'PersonalHeatmapAggregationOptimizationTests.testCellIDDictionaryHandlesOneHundredThousandDeterministicKeys' started at 2026-09-23 03:29:24.748
Test Case 'PersonalHeatmapAggregationOptimizationTests.testCellIDDictionaryHandlesOneHundredThousandDeterministicKeys' passed (0.04 seconds)
Test Case 'PersonalHeatmapAggregationOptimizationTests.testCellIDHashingPreservesCoordinateIdentityAndDictionaryUpdates' started at 2026-09-23 03:29:24.788
Test Case 'PersonalHeatmapAggregationOptimizationTests.testCellIDHashingPreservesCoordinateIdentityAndDictionaryUpdates' passed (0.0 seconds)
Test Case 'PersonalHeatmapAggregationOptimizationTests.testGeneratedCompleteSnapshotParityForOneThousandFixtures' started at 2026-09-23 03:29:24.788
Test Case 'PersonalHeatmapAggregationOptimizationTests.testGeneratedCompleteSnapshotParityForOneThousandFixtures' passed (0.584 seconds)
Test Case 'PersonalHeatmapAggregationOptimizationTests.testReservationPolicyDoesNotChangeCompleteSnapshot' started at 2026-09-23 03:29:25.373
Test Case 'PersonalHeatmapAggregationOptimizationTests.testReservationPolicyDoesNotChangeCompleteSnapshot' passed (0.104 seconds)
Test Suite 'PersonalHeatmapAggregationOptimizationTests' passed at 2026-09-23 03:29:25.476
	 Executed 8 tests, with 0 failures (0 unexpected) in 0.731 (0.731) seconds
Test Suite 'PersonalHeatmapBuilderOracleParityTests' started at 2026-09-23 03:29:25.476
Test Case 'PersonalHeatmapBuilderOracleParityTests.testSnapshotParityAcrossConfigurations' started at 2026-09-23 03:29:25.476
Test Case 'PersonalHeatmapBuilderOracleParityTests.testSnapshotParityAcrossConfigurations' passed (0.012 seconds)
Test Case 'PersonalHeatmapBuilderOracleParityTests.testSnapshotParityForDegenerateLibraries' started at 2026-09-23 03:29:25.488
Test Case 'PersonalHeatmapBuilderOracleParityTests.testSnapshotParityForDegenerateLibraries' passed (0.0 seconds)
Test Case 'PersonalHeatmapBuilderOracleParityTests.testSnapshotParityUnderAdaptiveCoarsening' started at 2026-09-23 03:29:25.488
Test Case 'PersonalHeatmapBuilderOracleParityTests.testSnapshotParityUnderAdaptiveCoarsening' passed (0.159 seconds)
Test Case 'PersonalHeatmapBuilderOracleParityTests.testSnapshotParityUnderDateFiltering' started at 2026-09-23 03:29:25.647
Test Case 'PersonalHeatmapBuilderOracleParityTests.testSnapshotParityUnderDateFiltering' passed (0.107 seconds)
Test Suite 'PersonalHeatmapBuilderOracleParityTests' passed at 2026-09-23 03:29:25.754
	 Executed 4 tests, with 0 failures (0 unexpected) in 0.278 (0.278) seconds
Test Suite 'PersonalHeatmapBuilderTests' started at 2026-09-23 03:29:25.754
Test Case 'PersonalHeatmapBuilderTests.testAdaptiveCoarseningWhenBudgetExceeded' started at 2026-09-23 03:29:25.754
Test Case 'PersonalHeatmapBuilderTests.testAdaptiveCoarseningWhenBudgetExceeded' passed (0.012 seconds)
Test Case 'PersonalHeatmapBuilderTests.testAllTimeIncludesUndatedWorkouts' started at 2026-09-23 03:29:25.766
Test Case 'PersonalHeatmapBuilderTests.testAllTimeIncludesUndatedWorkouts' passed (0.0 seconds)
Test Case 'PersonalHeatmapBuilderTests.testCancellationThrowsCancellationError' started at 2026-09-23 03:29:25.767
Test Case 'PersonalHeatmapBuilderTests.testCancellationThrowsCancellationError' passed (0.0 seconds)
Test Case 'PersonalHeatmapBuilderTests.testDateFilterExcludesOutsideRange' started at 2026-09-23 03:29:25.767
Test Case 'PersonalHeatmapBuilderTests.testDateFilterExcludesOutsideRange' passed (0.0 seconds)
Test Case 'PersonalHeatmapBuilderTests.testDateFilteredModeExcludesWhenNoTrustworthyDate' started at 2026-09-23 03:29:25.767
Test Case 'PersonalHeatmapBuilderTests.testDateFilteredModeExcludesWhenNoTrustworthyDate' passed (0.0 seconds)
Test Case 'PersonalHeatmapBuilderTests.testDeterministicOrdering' started at 2026-09-23 03:29:25.767
Test Case 'PersonalHeatmapBuilderTests.testDeterministicOrdering' passed (0.0 seconds)
Test Case 'PersonalHeatmapBuilderTests.testDiagnosticsPopulated' started at 2026-09-23 03:29:25.768
Test Case 'PersonalHeatmapBuilderTests.testDiagnosticsPopulated' passed (0.0 seconds)
Test Case 'PersonalHeatmapBuilderTests.testDifferentSamplingFrequenciesProduceSameCells' started at 2026-09-23 03:29:25.768
Test Case 'PersonalHeatmapBuilderTests.testDifferentSamplingFrequenciesProduceSameCells' passed (0.0 seconds)
Test Case 'PersonalHeatmapBuilderTests.testEmptyLibrary' started at 2026-09-23 03:29:25.768
Test Case 'PersonalHeatmapBuilderTests.testEmptyLibrary' passed (0.0 seconds)
Test Case 'PersonalHeatmapBuilderTests.testHugeJumpSkippedAsInvalidInterval' started at 2026-09-23 03:29:25.768
Test Case 'PersonalHeatmapBuilderTests.testHugeJumpSkippedAsInvalidInterval' passed (0.0 seconds)
Test Case 'PersonalHeatmapBuilderTests.testInvalidCoordinatesIgnoredSafely' started at 2026-09-23 03:29:25.769
Test Case 'PersonalHeatmapBuilderTests.testInvalidCoordinatesIgnoredSafely' passed (0.0 seconds)
Test Case 'PersonalHeatmapBuilderTests.testInvalidIntermediateCoordinateDoesNotBridgeRoute' started at 2026-09-23 03:29:25.769
Test Case 'PersonalHeatmapBuilderTests.testInvalidIntermediateCoordinateDoesNotBridgeRoute' passed (0.0 seconds)
Test Case 'PersonalHeatmapBuilderTests.testLargeLibraryCompletesWithBoundedCells' started at 2026-09-23 03:29:25.769
Test Case 'PersonalHeatmapBuilderTests.testLargeLibraryCompletesWithBoundedCells' passed (1.905 seconds)
Test Case 'PersonalHeatmapBuilderTests.testLastDaysAndCurrentYearHelpers' started at 2026-09-23 03:29:27.674
Test Case 'PersonalHeatmapBuilderTests.testLastDaysAndCurrentYearHelpers' passed (0.1 seconds)
Test Case 'PersonalHeatmapBuilderTests.testLogIntensityNormalization' started at 2026-09-23 03:29:27.774
Test Case 'PersonalHeatmapBuilderTests.testLogIntensityNormalization' passed (0.0 seconds)
Test Case 'PersonalHeatmapBuilderTests.testManyRouteSegmentsDoNotBridge' started at 2026-09-23 03:29:27.774
Test Case 'PersonalHeatmapBuilderTests.testManyRouteSegmentsDoNotBridge' passed (0.0 seconds)
Test Case 'PersonalHeatmapBuilderTests.testMinimumRepeatFilter' started at 2026-09-23 03:29:27.775
Test Case 'PersonalHeatmapBuilderTests.testMinimumRepeatFilter' passed (0.0 seconds)
Test Case 'PersonalHeatmapBuilderTests.testMutableConfigurationRejectsInvalidMaximumInterval' started at 2026-09-23 03:29:27.775
Test Case 'PersonalHeatmapBuilderTests.testMutableConfigurationRejectsInvalidMaximumInterval' passed (0.0 seconds)
Test Case 'PersonalHeatmapBuilderTests.testNoRouteWorkoutExcluded' started at 2026-09-23 03:29:27.775
Test Case 'PersonalHeatmapBuilderTests.testNoRouteWorkoutExcluded' passed (0.0 seconds)
Test Case 'PersonalHeatmapBuilderTests.testOnePointWorkoutContributesOneCell' started at 2026-09-23 03:29:27.775
Test Case 'PersonalHeatmapBuilderTests.testOnePointWorkoutContributesOneCell' passed (0.0 seconds)
Test Case 'PersonalHeatmapBuilderTests.testOneWorkoutContributesOncePerCellEvenWithLoops' started at 2026-09-23 03:29:27.776
Test Case 'PersonalHeatmapBuilderTests.testOneWorkoutContributesOncePerCellEvenWithLoops' passed (0.101 seconds)
Test Case 'PersonalHeatmapBuilderTests.testRouteSegmentsAreNotBridged' started at 2026-09-23 03:29:27.876
Test Case 'PersonalHeatmapBuilderTests.testRouteSegmentsAreNotBridged' passed (0.0 seconds)
Test Case 'PersonalHeatmapBuilderTests.testStationaryDuplicatePointsDoNotInflateIntensity' started at 2026-09-23 03:29:27.876
Test Case 'PersonalHeatmapBuilderTests.testStationaryDuplicatePointsDoNotInflateIntensity' passed (0.001 seconds)
Test Case 'PersonalHeatmapBuilderTests.testTotalDistanceUsesSummaryNotCellCount' started at 2026-09-23 03:29:27.877
Test Case 'PersonalHeatmapBuilderTests.testTotalDistanceUsesSummaryNotCellCount' passed (0.0 seconds)
Test Case 'PersonalHeatmapBuilderTests.testTwoWorkoutsProduceCountTwoOnOverlap' started at 2026-09-23 03:29:27.877
Test Case 'PersonalHeatmapBuilderTests.testTwoWorkoutsProduceCountTwoOnOverlap' passed (0.0 seconds)
Test Suite 'PersonalHeatmapBuilderTests' passed at 2026-09-23 03:29:27.878
	 Executed 25 tests, with 0 failures (0 unexpected) in 2.123 (2.123) seconds
Test Suite 'PersonalHeatmapCoverageBenchmark' started at 2026-09-23 03:29:27.878
Test Case 'PersonalHeatmapCoverageBenchmark.testPersonalHeatmapCoverageBenchmark' started at 2026-09-23 03:29:27.878
/__w/runplay-studio/runplay-studio/RunPlayCore/Tests/RunPlayCoreTests/PersonalHeatmapCoverageBenchmark.swift:29: PersonalHeatmapCoverageBenchmark.testPersonalHeatmapCoverageBenchmark : Test skipped: required false value but got true - Set RUNPLAY_BENCHMARK=1 to run the release benchmark.
Test Case 'PersonalHeatmapCoverageBenchmark.testPersonalHeatmapCoverageBenchmark' skipped (0.0 seconds)
Test Suite 'PersonalHeatmapCoverageBenchmark' passed at 2026-09-23 03:29:27.878
	 Executed 1 test, with 1 test skipped and 0 failures (0 unexpected) in 0.0 (0.0) seconds
Test Suite 'PersonalHeatmapPipelineProfile' started at 2026-09-23 03:29:27.878
Test Case 'PersonalHeatmapPipelineProfile.testPersonalHeatmapPipelineProfile' started at 2026-09-23 03:29:27.878
/__w/runplay-studio/runplay-studio/RunPlayCore/Tests/RunPlayCoreTests/PersonalHeatmapPipelineProfile.swift:40: PersonalHeatmapPipelineProfile.testPersonalHeatmapPipelineProfile : Test skipped: required false value but got true - Set RUNPLAY_HEATMAP_PROFILE=1 to run the release pipeline profile.
Test Case 'PersonalHeatmapPipelineProfile.testPersonalHeatmapPipelineProfile' skipped (0.1 seconds)
Test Suite 'PersonalHeatmapPipelineProfile' passed at 2026-09-23 03:29:27.978
	 Executed 1 test, with 1 test skipped and 0 failures (0 unexpected) in 0.1 (0.1) seconds
Test Suite 'PersonalHeatmapProjectionTests' started at 2026-09-23 03:29:27.978
Test Case 'PersonalHeatmapProjectionTests.testBoundaryTraversalStaysBounded' started at 2026-09-23 03:29:27.978
Test Case 'PersonalHeatmapProjectionTests.testBoundaryTraversalStaysBounded' passed (0.0 seconds)
Test Case 'PersonalHeatmapProjectionTests.testCancellationDuringTraversal' started at 2026-09-23 03:29:27.978
Test Case 'PersonalHeatmapProjectionTests.testCancellationDuringTraversal' passed (0.0 seconds)
Test Case 'PersonalHeatmapProjectionTests.testCellBoundaryCoordinatesStayWithinCell' started at 2026-09-23 03:29:27.978
Test Case 'PersonalHeatmapProjectionTests.testCellBoundaryCoordinatesStayWithinCell' passed (0.0 seconds)
Test Case 'PersonalHeatmapProjectionTests.testDeterministicCellIDs' started at 2026-09-23 03:29:27.978
Test Case 'PersonalHeatmapProjectionTests.testDeterministicCellIDs' passed (0.0 seconds)
Test Case 'PersonalHeatmapProjectionTests.testDiagonalLineHasNoDuplicates' started at 2026-09-23 03:29:27.978
Test Case 'PersonalHeatmapProjectionTests.testDiagonalLineHasNoDuplicates' passed (0.0 seconds)
Test Case 'PersonalHeatmapProjectionTests.testEasternAndWesternLongitudeHaveOppositeX' started at 2026-09-23 03:29:27.979
Test Case 'PersonalHeatmapProjectionTests.testEasternAndWesternLongitudeHaveOppositeX' passed (0.0 seconds)
Test Case 'PersonalHeatmapProjectionTests.testEquatorProjectionIsFiniteAndNearZeroY' started at 2026-09-23 03:29:27.979
Test Case 'PersonalHeatmapProjectionTests.testEquatorProjectionIsFiniteAndNearZeroY' passed (0.0 seconds)
Test Case 'PersonalHeatmapProjectionTests.testExactCornerCrossingDoesNotLoopInfinitely' started at 2026-09-23 03:29:27.979
Test Case 'PersonalHeatmapProjectionTests.testExactCornerCrossingDoesNotLoopInfinitely' passed (0.0 seconds)
Test Case 'PersonalHeatmapProjectionTests.testHorizontalLineVisitsAllCrossedCells' started at 2026-09-23 03:29:27.979
Test Case 'PersonalHeatmapProjectionTests.testHorizontalLineVisitsAllCrossedCells' passed (0.0 seconds)
Test Case 'PersonalHeatmapProjectionTests.testLatitudeClampingToMercatorRange' started at 2026-09-23 03:29:27.979
Test Case 'PersonalHeatmapProjectionTests.testLatitudeClampingToMercatorRange' passed (0.0 seconds)
Test Case 'PersonalHeatmapProjectionTests.testLongIntervalIsBoundedByMaximumCells' started at 2026-09-23 03:29:27.979
Test Case 'PersonalHeatmapProjectionTests.testLongIntervalIsBoundedByMaximumCells' passed (0.1 seconds)
Test Case 'PersonalHeatmapProjectionTests.testLongitudeNormalization' started at 2026-09-23 03:29:28.079
Test Case 'PersonalHeatmapProjectionTests.testLongitudeNormalization' passed (0.1 seconds)
Test Case 'PersonalHeatmapProjectionTests.testNegativeCellIndexesInWesternSouthernHemisphere' started at 2026-09-23 03:29:28.180
Test Case 'PersonalHeatmapProjectionTests.testNegativeCellIndexesInWesternSouthernHemisphere' passed (0.0 seconds)
Test Case 'PersonalHeatmapProjectionTests.testNonFiniteInputRejected' started at 2026-09-23 03:29:28.180
Test Case 'PersonalHeatmapProjectionTests.testNonFiniteInputRejected' passed (0.0 seconds)
Test Case 'PersonalHeatmapProjectionTests.testNorthernAndSouthernHemispheresHaveOppositeY' started at 2026-09-23 03:29:28.180
Test Case 'PersonalHeatmapProjectionTests.testNorthernAndSouthernHemispheresHaveOppositeY' passed (0.0 seconds)
Test Case 'PersonalHeatmapProjectionTests.testOneCellInterval' started at 2026-09-23 03:29:28.180
Test Case 'PersonalHeatmapProjectionTests.testOneCellInterval' passed (0.0 seconds)
Test Case 'PersonalHeatmapProjectionTests.testOverflowSafetyForExtremeProjectedValues' started at 2026-09-23 03:29:28.180
Test Case 'PersonalHeatmapProjectionTests.testOverflowSafetyForExtremeProjectedValues' passed (0.0 seconds)
Test Case 'PersonalHeatmapProjectionTests.testProjectionRoundTripWithinTolerance' started at 2026-09-23 03:29:28.180
Test Case 'PersonalHeatmapProjectionTests.testProjectionRoundTripWithinTolerance' passed (0.0 seconds)
Test Case 'PersonalHeatmapProjectionTests.testReverseDirectionReachesSameCellSet' started at 2026-09-23 03:29:28.180
Test Case 'PersonalHeatmapProjectionTests.testReverseDirectionReachesSameCellSet' passed (0.001 seconds)
Test Case 'PersonalHeatmapProjectionTests.testVerticalLineVisitsAllCrossedCells' started at 2026-09-23 03:29:28.182
Test Case 'PersonalHeatmapProjectionTests.testVerticalLineVisitsAllCrossedCells' passed (0.0 seconds)
Test Case 'PersonalHeatmapProjectionTests.testZeroLengthIntervalReturnsOneCell' started at 2026-09-23 03:29:28.182
Test Case 'PersonalHeatmapProjectionTests.testZeroLengthIntervalReturnsOneCell' passed (0.0 seconds)
Test Suite 'PersonalHeatmapProjectionTests' passed at 2026-09-23 03:29:28.182
	 Executed 21 tests, with 0 failures (0 unexpected) in 0.203 (0.203) seconds
Test Suite 'PersonalRecordsTests' started at 2026-09-23 03:29:28.182
Test Case 'PersonalRecordsTests.testAccessibilitySummaryAnnouncesStandingRecords' started at 2026-09-23 03:29:28.182
Test Case 'PersonalRecordsTests.testAccessibilitySummaryAnnouncesStandingRecords' passed (0.001 seconds)
Test Case 'PersonalRecordsTests.testAggregationPicksBestAndBuildsProgression' started at 2026-09-23 03:29:28.183
Test Case 'PersonalRecordsTests.testAggregationPicksBestAndBuildsProgression' passed (0.001 seconds)
Test Case 'PersonalRecordsTests.testAnalyzerStampsRecordsAndKeepsFiveSegmentKinds' started at 2026-09-23 03:29:28.184
Test Case 'PersonalRecordsTests.testAnalyzerStampsRecordsAndKeepsFiveSegmentKinds' passed (0.001 seconds)
Test Case 'PersonalRecordsTests.testBackfillComputesRecordsAndIsIdempotent' started at 2026-09-23 03:29:28.185
Test Case 'PersonalRecordsTests.testBackfillComputesRecordsAndIsIdempotent' passed (0.012 seconds)
Test Case 'PersonalRecordsTests.testCancelledBackfillIsResumable' started at 2026-09-23 03:29:28.197
Test Case 'PersonalRecordsTests.testCancelledBackfillIsResumable' passed (0.011 seconds)
Test Case 'PersonalRecordsTests.testEqualEffortDoesNotReplaceStandingHolder' started at 2026-09-23 03:29:28.209
Test Case 'PersonalRecordsTests.testEqualEffortDoesNotReplaceStandingHolder' passed (0.001 seconds)
Test Case 'PersonalRecordsTests.testHistoryIsCappedToLastTenImprovements' started at 2026-09-23 03:29:28.209
Test Case 'PersonalRecordsTests.testHistoryIsCappedToLastTenImprovements' passed (0.003 seconds)
Test Case 'PersonalRecordsTests.testLongestRunAndBiggestAscentUseSummariesWithRawFallback' started at 2026-09-23 03:29:28.212
Test Case 'PersonalRecordsTests.testLongestRunAndBiggestAscentUseSummariesWithRawFallback' passed (0.001 seconds)
Test Case 'PersonalRecordsTests.testMarathonRouteAttemptsAllWindowsWithExactLengths' started at 2026-09-23 03:29:28.213
Test Case 'PersonalRecordsTests.testMarathonRouteAttemptsAllWindowsWithExactLengths' passed (0.004 seconds)
Test Case 'PersonalRecordsTests.testMileAndOneKilometerWindowsOverlapAndPickDifferentStarts' started at 2026-09-23 03:29:28.217
Test Case 'PersonalRecordsTests.testMileAndOneKilometerWindowsOverlapAndPickDifferentStarts' passed (0.001 seconds)
Test Case 'PersonalRecordsTests.testNeverAttemptedCategoryHasNoBestAndEmptyHistory' started at 2026-09-23 03:29:28.218
Test Case 'PersonalRecordsTests.testNeverAttemptedCategoryHasNoBestAndEmptyHistory' passed (0.0 seconds)
Test Case 'PersonalRecordsTests.testPendingBackfillCountTracksUncomputedSnapshots' started at 2026-09-23 03:29:28.218
Test Case 'PersonalRecordsTests.testPendingBackfillCountTracksUncomputedSnapshots' passed (0.001 seconds)
Test Case 'PersonalRecordsTests.testReanalyzePreservingRoutePointsKeepsRecords' started at 2026-09-23 03:29:28.219
Test Case 'PersonalRecordsTests.testReanalyzePreservingRoutePointsKeepsRecords' passed (0.001 seconds)
Test Case 'PersonalRecordsTests.testRecordWindowSpanningPauseUsesActiveTime' started at 2026-09-23 03:29:28.220
Test Case 'PersonalRecordsTests.testRecordWindowSpanningPauseUsesActiveTime' passed (0.001 seconds)
Test Case 'PersonalRecordsTests.testRecordsRoundTripThroughCodable' started at 2026-09-23 03:29:28.220
Test Case 'PersonalRecordsTests.testRecordsRoundTripThroughCodable' passed (0.002 seconds)
Test Case 'PersonalRecordsTests.testSinglePointRouteProducesEmptyComputedRecords' started at 2026-09-23 03:29:28.222
Test Case 'PersonalRecordsTests.testSinglePointRouteProducesEmptyComputedRecords' passed (0.1 seconds)
Test Case 'PersonalRecordsTests.testSnapshotWithoutRecordsDecodesAsNil' started at 2026-09-23 03:29:28.322
Test Case 'PersonalRecordsTests.testSnapshotWithoutRecordsDecodesAsNil' passed (0.005 seconds)
Test Case 'PersonalRecordsTests.testWindowsLongerThanRouteAreNotAttempted' started at 2026-09-23 03:29:28.327
Test Case 'PersonalRecordsTests.testWindowsLongerThanRouteAreNotAttempted' passed (0.001 seconds)
Test Suite 'PersonalRecordsTests' passed at 2026-09-23 03:29:28.327
	 Executed 18 tests, with 0 failures (0 unexpected) in 0.145 (0.145) seconds
Test Suite 'PlaybackEngineTests' started at 2026-09-23 03:29:28.327
Test Case 'PlaybackEngineTests.testDuplicateFinalTimestampKeepsForwardStepAvailableByIndex' started at 2026-09-23 03:29:28.328
Test Case 'PlaybackEngineTests.testDuplicateFinalTimestampKeepsForwardStepAvailableByIndex' passed (0.0 seconds)
Test Case 'PlaybackEngineTests.testEmptyAndOnePointWorkoutsRemainSafe' started at 2026-09-23 03:29:28.328
Test Case 'PlaybackEngineTests.testEmptyAndOnePointWorkoutsRemainSafe' passed (0.0 seconds)
Test Case 'PlaybackEngineTests.testEndStateSelectsFinalPointAndStopsPlayback' started at 2026-09-23 03:29:28.328
Test Case 'PlaybackEngineTests.testEndStateSelectsFinalPointAndStopsPlayback' passed (0.0 seconds)
Test Case 'PlaybackEngineTests.testLoadStopAndEndRestartUseLatestPointAtDuplicateZeroTimestamp' started at 2026-09-23 03:29:28.328
Test Case 'PlaybackEngineTests.testLoadStopAndEndRestartUseLatestPointAtDuplicateZeroTimestamp' passed (0.0 seconds)
Test Case 'PlaybackEngineTests.testPausedWorkoutUsesElapsedDurationAndHoldsRouteState' started at 2026-09-23 03:29:28.328
Test Case 'PlaybackEngineTests.testPausedWorkoutUsesElapsedDurationAndHoldsRouteState' passed (0.0 seconds)
Test Case 'PlaybackEngineTests.testRecordedLapOwnershipAdvancesAtSharedBoundaryAndHoldsAtFinish' started at 2026-09-23 03:29:28.328
Test Case 'PlaybackEngineTests.testRecordedLapOwnershipAdvancesAtSharedBoundaryAndHoldsAtFinish' passed (0.0 seconds)
Test Case 'PlaybackEngineTests.testSplitAtPauseBoundaryStaysPriorUntilExactResume' started at 2026-09-23 03:29:28.328
Test Case 'PlaybackEngineTests.testSplitAtPauseBoundaryStaysPriorUntilExactResume' passed (0.0 seconds)
Test Case 'PlaybackEngineTests.testSteppingCrossesPauseUsingOnlyRealPoints' started at 2026-09-23 03:29:28.329
Test Case 'PlaybackEngineTests.testSteppingCrossesPauseUsingOnlyRealPoints' passed (0.0 seconds)
Test Case 'PlaybackEngineTests.testZeroDurationRecordedLapOwnsOnlyItsExactBoundary' started at 2026-09-23 03:29:28.329
Test Case 'PlaybackEngineTests.testZeroDurationRecordedLapOwnsOnlyItsExactBoundary' passed (0.0 seconds)
Test Suite 'PlaybackEngineTests' passed at 2026-09-23 03:29:28.329
	 Executed 9 tests, with 0 failures (0 unexpected) in 0.001 (0.001) seconds
Test Suite 'PowerDynamicsAnalysisTests' started at 2026-09-23 03:29:28.329
Test Case 'PowerDynamicsAnalysisTests.testBestTwentyMinutePowerRequiresFullWindow' started at 2026-09-23 03:29:28.329
Test Case 'PowerDynamicsAnalysisTests.testBestTwentyMinutePowerRequiresFullWindow' passed (0.0 seconds)
Test Case 'PowerDynamicsAnalysisTests.testBestTwentyMinutePowerSelectsHighestQualifyingWindow' started at 2026-09-23 03:29:28.329
Test Case 'PowerDynamicsAnalysisTests.testBestTwentyMinutePowerSelectsHighestQualifyingWindow' passed (0.101 seconds)
Test Case 'PowerDynamicsAnalysisTests.testBestTwentyMinuteWindowNeverSpansSegments' started at 2026-09-23 03:29:28.430
Test Case 'PowerDynamicsAnalysisTests.testBestTwentyMinuteWindowNeverSpansSegments' passed (0.101 seconds)
Test Case 'PowerDynamicsAnalysisTests.testCSVExportsCarryPowerColumnsAndDynamicsSection' started at 2026-09-23 03:29:28.531
Test Case 'PowerDynamicsAnalysisTests.testCSVExportsCarryPowerColumnsAndDynamicsSection' passed (0.001 seconds)
Test Case 'PowerDynamicsAnalysisTests.testEndToEndAnalysisPopulatesSummarySplitsAndSegments' started at 2026-09-23 03:29:28.531
Test Case 'PowerDynamicsAnalysisTests.testEndToEndAnalysisPopulatesSummarySplitsAndSegments' passed (0.003 seconds)
Test Case 'PowerDynamicsAnalysisTests.testExportSummaryCarriesPowerDynamicsAndDeveloperFields' started at 2026-09-23 03:29:28.534
Test Case 'PowerDynamicsAnalysisTests.testExportSummaryCarriesPowerDynamicsAndDeveloperFields' passed (0.0 seconds)
Test Case 'PowerDynamicsAnalysisTests.testExportSummaryOmitsDynamicsWhenAbsent' started at 2026-09-23 03:29:28.535
Test Case 'PowerDynamicsAnalysisTests.testExportSummaryOmitsDynamicsWhenAbsent' passed (0.0 seconds)
Test Case 'PowerDynamicsAnalysisTests.testLegacySummaryJSONDecodesWithoutPowerFields' started at 2026-09-23 03:29:28.535
Test Case 'PowerDynamicsAnalysisTests.testLegacySummaryJSONDecodesWithoutPowerFields' passed (0.0 seconds)
Test Case 'PowerDynamicsAnalysisTests.testPowerAndDynamicsAveragesExcludeInvalidSamples' started at 2026-09-23 03:29:28.535
Test Case 'PowerDynamicsAnalysisTests.testPowerAndDynamicsAveragesExcludeInvalidSamples' passed (0.0 seconds)
Test Case 'PowerDynamicsAnalysisTests.testPowerModeUnavailableWithoutPowerData' started at 2026-09-23 03:29:28.535
Test Case 'PowerDynamicsAnalysisTests.testPowerModeUnavailableWithoutPowerData' passed (0.0 seconds)
Test Case 'PowerDynamicsAnalysisTests.testPowerProfileProducesScaleAndBuckets' started at 2026-09-23 03:29:28.535
Test Case 'PowerDynamicsAnalysisTests.testPowerProfileProducesScaleAndBuckets' passed (0.001 seconds)
Test Case 'PowerDynamicsAnalysisTests.testTimelineAveragePowerOverDistanceRange' started at 2026-09-23 03:29:28.536
Test Case 'PowerDynamicsAnalysisTests.testTimelineAveragePowerOverDistanceRange' passed (0.0 seconds)
Test Suite 'PowerDynamicsAnalysisTests' passed at 2026-09-23 03:29:28.536
	 Executed 12 tests, with 0 failures (0 unexpected) in 0.207 (0.207) seconds
Test Suite 'RecordedLapAnalyzerTests' started at 2026-09-23 03:29:28.536
Test Case 'RecordedLapAnalyzerTests.testCancellation' started at 2026-09-23 03:29:28.536
Test Case 'RecordedLapAnalyzerTests.testCancellation' passed (0.0 seconds)
Test Case 'RecordedLapAnalyzerTests.testFirstLapStartingBeforeFirstGPSFixIsClamped' started at 2026-09-23 03:29:28.536
Test Case 'RecordedLapAnalyzerTests.testFirstLapStartingBeforeFirstGPSFixIsClamped' passed (0.0 seconds)
Test Case 'RecordedLapAnalyzerTests.testHRAndCadenceAggregation' started at 2026-09-23 03:29:28.537
Test Case 'RecordedLapAnalyzerTests.testHRAndCadenceAggregation' passed (0.0 seconds)
Test Case 'RecordedLapAnalyzerTests.testHundredThousandPointRouteWithThousandsOfOverlappingLaps' started at 2026-09-23 03:29:28.537
Test Case 'RecordedLapAnalyzerTests.testHundredThousandPointRouteWithThousandsOfOverlappingLaps' passed (0.581 seconds)
Test Case 'RecordedLapAnalyzerTests.testLapContainingRecordingPause' started at 2026-09-23 03:29:29.118
Test Case 'RecordedLapAnalyzerTests.testLapContainingRecordingPause' passed (0.101 seconds)
Test Case 'RecordedLapAnalyzerTests.testLargeRouteManyLapsPerformance' started at 2026-09-23 03:29:29.219
/__w/runplay-studio/runplay-studio/RunPlayCore/Tests/RunPlayCoreTests/RecordedLapAnalyzerTests.swift:234: Test Case 'RecordedLapAnalyzerTests.testLargeRouteManyLapsPerformance' measured [Time, seconds] average: 0.001, relative standard deviation: 0.651%, values: [0.001376, 0.001369, 0.001360, 0.001356, 0.001355, 0.001350, 0.001349, 0.001356, 0.001354, 0.001350], performanceMetricID:org.swift.XCTPerformanceMetric_WallClockTime, maxPercentRelativeStandardDeviation: 10.000%, maxStandardDeviation: 0.100
Test Case 'RecordedLapAnalyzerTests.testLargeRouteManyLapsPerformance' passed (0.125 seconds)
Test Case 'RecordedLapAnalyzerTests.testMalformedBoundariesSkipped' started at 2026-09-23 03:29:29.344
Test Case 'RecordedLapAnalyzerTests.testMalformedBoundariesSkipped' passed (0.0 seconds)
Test Case 'RecordedLapAnalyzerTests.testMaterialSourceDistanceMismatch' started at 2026-09-23 03:29:29.344
Test Case 'RecordedLapAnalyzerTests.testMaterialSourceDistanceMismatch' passed (0.0 seconds)
Test Case 'RecordedLapAnalyzerTests.testNoPauseLap' started at 2026-09-23 03:29:29.345
Test Case 'RecordedLapAnalyzerTests.testNoPauseLap' passed (0.0 seconds)
Test Case 'RecordedLapAnalyzerTests.testSubCentisecondBoundaryRoundingDoesNotCountAsClamp' started at 2026-09-23 03:29:29.345
Test Case 'RecordedLapAnalyzerTests.testSubCentisecondBoundaryRoundingDoesNotCountAsClamp' passed (0.0 seconds)
Test Suite 'RecordedLapAnalyzerTests' passed at 2026-09-23 03:29:29.345
	 Executed 10 tests, with 0 failures (0 unexpected) in 0.809 (0.809) seconds
Test Suite 'RecordedLapTests' started at 2026-09-23 03:29:29.345
Test Case 'RecordedLapTests.testDecodedWorkoutReappliesRecordedLapInvariants' started at 2026-09-23 03:29:29.345
Test Case 'RecordedLapTests.testDecodedWorkoutReappliesRecordedLapInvariants' passed (0.0 seconds)
Test Case 'RecordedLapTests.testEmptyCollectionOnNewWorkout' started at 2026-09-23 03:29:29.345
Test Case 'RecordedLapTests.testEmptyCollectionOnNewWorkout' passed (0.0 seconds)
Test Case 'RecordedLapTests.testExplicitZeroClocksRemainValid' started at 2026-09-23 03:29:29.345
Test Case 'RecordedLapTests.testExplicitZeroClocksRemainValid' passed (0.1 seconds)
Test Case 'RecordedLapTests.testFITTriggerMapping' started at 2026-09-23 03:29:29.446
Test Case 'RecordedLapTests.testFITTriggerMapping' passed (0.0 seconds)
Test Case 'RecordedLapTests.testInvalidOptionalMetricsAreUnavailableInsteadOfNegativeOrImplausible' started at 2026-09-23 03:29:29.446
Test Case 'RecordedLapTests.testInvalidOptionalMetricsAreUnavailableInsteadOfNegativeOrImplausible' passed (0.0 seconds)
Test Case 'RecordedLapTests.testInvariantEnforcement' started at 2026-09-23 03:29:29.446
Test Case 'RecordedLapTests.testInvariantEnforcement' passed (0.0 seconds)
Test Case 'RecordedLapTests.testLegacySnapshotWithoutLapsDecodesEmpty' started at 2026-09-23 03:29:29.446
Test Case 'RecordedLapTests.testLegacySnapshotWithoutLapsDecodesEmpty' passed (0.0 seconds)
Test Case 'RecordedLapTests.testNonFiniteValuesSanitised' started at 2026-09-23 03:29:29.446
Test Case 'RecordedLapTests.testNonFiniteValuesSanitised' passed (0.0 seconds)
Test Case 'RecordedLapTests.testOneLapRoundTrip' started at 2026-09-23 03:29:29.446
Test Case 'RecordedLapTests.testOneLapRoundTrip' passed (0.0 seconds)
Test Case 'RecordedLapTests.testReanalysisClearsStaleDiagnosticsWhenLapsAreAbsent' started at 2026-09-23 03:29:29.447
Test Case 'RecordedLapTests.testReanalysisClearsStaleDiagnosticsWhenLapsAreAbsent' passed (0.0 seconds)
Test Case 'RecordedLapTests.testSplitsRemainIndependent' started at 2026-09-23 03:29:29.447
Test Case 'RecordedLapTests.testSplitsRemainIndependent' passed (0.0 seconds)
Test Case 'RecordedLapTests.testStableIDsThroughReanalysis' started at 2026-09-23 03:29:29.447
Test Case 'RecordedLapTests.testStableIDsThroughReanalysis' passed (0.001 seconds)
Test Case 'RecordedLapTests.testTCXTriggerMapping' started at 2026-09-23 03:29:29.448
Test Case 'RecordedLapTests.testTCXTriggerMapping' passed (0.0 seconds)
Test Case 'RecordedLapTests.testUnknownFITTriggerDisplayNamePromotesByteCodeForFormatting' started at 2026-09-23 03:29:29.448
Test Case 'RecordedLapTests.testUnknownFITTriggerDisplayNamePromotesByteCodeForFormatting' passed (0.0 seconds)
Test Case 'RecordedLapTests.testUnknownTriggerRoundTrip' started at 2026-09-23 03:29:29.448
Test Case 'RecordedLapTests.testUnknownTriggerRoundTrip' passed (0.0 seconds)
Test Suite 'RecordedLapTests' passed at 2026-09-23 03:29:29.448
	 Executed 15 tests, with 0 failures (0 unexpected) in 0.103 (0.103) seconds
Test Suite 'RemainingCoreHotspotProfile' started at 2026-09-23 03:29:29.448
Test Case 'RemainingCoreHotspotProfile.testFamilyA_AnalysisProfile' started at 2026-09-23 03:29:29.448
/__w/runplay-studio/runplay-studio/RunPlayCore/Tests/RunPlayCoreTests/RemainingCoreHotspotProfile.swift:18: RemainingCoreHotspotProfile.testFamilyA_AnalysisProfile : Test skipped: required false value but got true - Set RUNPLAY_CORE_HOTSPOT_PROFILE=1
Test Case 'RemainingCoreHotspotProfile.testFamilyA_AnalysisProfile' skipped (0.0 seconds)
Test Case 'RemainingCoreHotspotProfile.testFamilyB_AlignmentProfile' started at 2026-09-23 03:29:29.448
/__w/runplay-studio/runplay-studio/RunPlayCore/Tests/RunPlayCoreTests/RemainingCoreHotspotProfile.swift:199: RemainingCoreHotspotProfile.testFamilyB_AlignmentProfile : Test skipped: required false value but got true - Set RUNPLAY_CORE_HOTSPOT_PROFILE=1
Test Case 'RemainingCoreHotspotProfile.testFamilyB_AlignmentProfile' skipped (0.0 seconds)
Test Case 'RemainingCoreHotspotProfile.testFamilyC_MetricsProfile' started at 2026-09-23 03:29:29.449
/__w/runplay-studio/runplay-studio/RunPlayCore/Tests/RunPlayCoreTests/RemainingCoreHotspotProfile.swift:316: RemainingCoreHotspotProfile.testFamilyC_MetricsProfile : Test skipped: required false value but got true - Set RUNPLAY_CORE_HOTSPOT_PROFILE=1
Test Case 'RemainingCoreHotspotProfile.testFamilyC_MetricsProfile' skipped (0.001 seconds)
Test Case 'RemainingCoreHotspotProfile.testFamilyD_ImportProfile' started at 2026-09-23 03:29:29.450
/__w/runplay-studio/runplay-studio/RunPlayCore/Tests/RunPlayCoreTests/RemainingCoreHotspotProfile.swift:427: RemainingCoreHotspotProfile.testFamilyD_ImportProfile : Test skipped: required false value but got true - Set RUNPLAY_CORE_HOTSPOT_PROFILE=1
Test Case 'RemainingCoreHotspotProfile.testFamilyD_ImportProfile' skipped (0.0 seconds)
Test Case 'RemainingCoreHotspotProfile.testFamilyE_ComparisonProfile' started at 2026-09-23 03:29:29.450
/__w/runplay-studio/runplay-studio/RunPlayCore/Tests/RunPlayCoreTests/RemainingCoreHotspotProfile.swift:650: RemainingCoreHotspotProfile.testFamilyE_ComparisonProfile : Test skipped: required false value but got true - Set RUNPLAY_CORE_HOTSPOT_PROFILE=1
Test Case 'RemainingCoreHotspotProfile.testFamilyE_ComparisonProfile' skipped (0.0 seconds)
Test Case 'RemainingCoreHotspotProfile.testFamilyInvocationCounterNeverDoublesUnderAll' started at 2026-09-23 03:29:29.450
/__w/runplay-studio/runplay-studio/RunPlayCore/Tests/RunPlayCoreTests/RemainingCoreHotspotProfile.swift:730: RemainingCoreHotspotProfile.testFamilyInvocationCounterNeverDoublesUnderAll : Test skipped: required false value but got true - Set RUNPLAY_CORE_HOTSPOT_PROFILE=1
Test Case 'RemainingCoreHotspotProfile.testFamilyInvocationCounterNeverDoublesUnderAll' skipped (0.0 seconds)
Test Suite 'RemainingCoreHotspotProfile' passed at 2026-09-23 03:29:29.450
	 Executed 6 tests, with 6 tests skipped and 0 failures (0 unexpected) in 0.002 (0.002) seconds
Test Suite 'ReplayStateTests' started at 2026-09-23 03:29:29.450
Test Case 'ReplayStateTests.testInitClampsInvalidPlaybackValues' started at 2026-09-23 03:29:29.450
Test Case 'ReplayStateTests.testInitClampsInvalidPlaybackValues' passed (0.0 seconds)
Test Case 'ReplayStateTests.testInitClampsPositionToKnownTotals' started at 2026-09-23 03:29:29.450
Test Case 'ReplayStateTests.testInitClampsPositionToKnownTotals' passed (0.0 seconds)
Test Suite 'ReplayStateTests' passed at 2026-09-23 03:29:29.450
	 Executed 2 tests, with 0 failures (0 unexpected) in 0.0 (0.0) seconds
Test Suite 'RouteAlignmentDtwBenchmark' started at 2026-09-23 03:29:29.450
Test Case 'RouteAlignmentDtwBenchmark.testRouteAlignmentDtwBenchmark' started at 2026-09-23 03:29:29.450
/__w/runplay-studio/runplay-studio/RunPlayCore/Tests/RunPlayCoreTests/RouteAlignmentDtwBenchmark.swift:49: RouteAlignmentDtwBenchmark.testRouteAlignmentDtwBenchmark : Test skipped: required false value but got true - Set RUNPLAY_BENCHMARK=1 to run the release benchmark.
Test Case 'RouteAlignmentDtwBenchmark.testRouteAlignmentDtwBenchmark' skipped (0.0 seconds)
Test Suite 'RouteAlignmentDtwBenchmark' passed at 2026-09-23 03:29:29.450
	 Executed 1 test, with 1 test skipped and 0 failures (0 unexpected) in 0.0 (0.0) seconds
Test Suite 'RouteAlignmentMappingTests' started at 2026-09-23 03:29:29.450
Test Case 'RouteAlignmentMappingTests.testChartPointsAreBoundedAndBlockAware' started at 2026-09-23 03:29:29.450
Test Case 'RouteAlignmentMappingTests.testChartPointsAreBoundedAndBlockAware' passed (0.004 seconds)
Test Case 'RouteAlignmentMappingTests.testEmptySnapshotReturnsNilMapping' started at 2026-09-23 03:29:29.455
Test Case 'RouteAlignmentMappingTests.testEmptySnapshotReturnsNilMapping' passed (0.0 seconds)
Test Case 'RouteAlignmentMappingTests.testMappingAtBeginMiddleEnd' started at 2026-09-23 03:29:29.455
Test Case 'RouteAlignmentMappingTests.testMappingAtBeginMiddleEnd' passed (0.003 seconds)
Test Case 'RouteAlignmentMappingTests.testMatchedClocksExcludeUnmatchedPrefix' started at 2026-09-23 03:29:29.457
Test Case 'RouteAlignmentMappingTests.testMatchedClocksExcludeUnmatchedPrefix' passed (0.005 seconds)
Test Case 'RouteAlignmentMappingTests.testNonFiniteAndOutOfRangeClamp' started at 2026-09-23 03:29:29.462
Test Case 'RouteAlignmentMappingTests.testNonFiniteAndOutOfRangeClamp' passed (0.002 seconds)
Test Case 'RouteAlignmentMappingTests.testSliderLookupsDoNotRequireRecompute' started at 2026-09-23 03:29:29.464
Test Case 'RouteAlignmentMappingTests.testSliderLookupsDoNotRequireRecompute' passed (0.003 seconds)
Test Suite 'RouteAlignmentMappingTests' passed at 2026-09-23 03:29:29.467
	 Executed 6 tests, with 0 failures (0 unexpected) in 0.017 (0.017) seconds
Test Suite 'RouteAlignmentQualityTests' started at 2026-09-23 03:29:29.467
Test Case 'RouteAlignmentQualityTests.testDistanceWeightedStatisticsIndependentOfSamplingDensity' started at 2026-09-23 03:29:29.467
Test Case 'RouteAlignmentQualityTests.testDistanceWeightedStatisticsIndependentOfSamplingDensity' passed (0.0 seconds)
Test Case 'RouteAlignmentQualityTests.testExcellentForNearIdenticalRoutes' started at 2026-09-23 03:29:29.467
Test Case 'RouteAlignmentQualityTests.testExcellentForNearIdenticalRoutes' passed (0.005 seconds)
Test Case 'RouteAlignmentQualityTests.testInsufficientCoverageRejected' started at 2026-09-23 03:29:29.472
Test Case 'RouteAlignmentQualityTests.testInsufficientCoverageRejected' passed (0.001 seconds)
Test Case 'RouteAlignmentQualityTests.testUnavailableReasonsHaveUserFacingCopy' started at 2026-09-23 03:29:29.474
Test Case 'RouteAlignmentQualityTests.testUnavailableReasonsHaveUserFacingCopy' passed (0.0 seconds)
Test Suite 'RouteAlignmentQualityTests' passed at 2026-09-23 03:29:29.474
	 Executed 4 tests, with 0 failures (0 unexpected) in 0.007 (0.007) seconds
Test Suite 'RouteAlignmentSampleBuilderTests' started at 2026-09-23 03:29:29.474
Test Case 'RouteAlignmentSampleBuilderTests.testAdaptiveIntervalRespectsMaximumSampleCap' started at 2026-09-23 03:29:29.474
Test Case 'RouteAlignmentSampleBuilderTests.testAdaptiveIntervalRespectsMaximumSampleCap' passed (0.025 seconds)
Test Case 'RouteAlignmentSampleBuilderTests.testCancellationThrows' started at 2026-09-23 03:29:29.499
Test Case 'RouteAlignmentSampleBuilderTests.testCancellationThrows' passed (0.001 seconds)
Test Case 'RouteAlignmentSampleBuilderTests.testEvenlySampledRouteProducesEndpointsAndIntervalSamples' started at 2026-09-23 03:29:29.500
Test Case 'RouteAlignmentSampleBuilderTests.testEvenlySampledRouteProducesEndpointsAndIntervalSamples' passed (0.101 seconds)
Test Case 'RouteAlignmentSampleBuilderTests.testInsufficientRouteDataFails' started at 2026-09-23 03:29:29.601
Test Case 'RouteAlignmentSampleBuilderTests.testInsufficientRouteDataFails' passed (0.0 seconds)
Test Case 'RouteAlignmentSampleBuilderTests.testInvalidCoordinatesAreDropped' started at 2026-09-23 03:29:29.602
Test Case 'RouteAlignmentSampleBuilderTests.testInvalidCoordinatesAreDropped' passed (0.002 seconds)
Test Case 'RouteAlignmentSampleBuilderTests.testMultipleRouteSegmentsDoNotInterpolateAcrossGaps' started at 2026-09-23 03:29:29.603
Test Case 'RouteAlignmentSampleBuilderTests.testMultipleRouteSegmentsDoNotInterpolateAcrossGaps' passed (0.001 seconds)
Test Case 'RouteAlignmentSampleBuilderTests.testPolicyDefaultsAreDocumented' started at 2026-09-23 03:29:29.605
Test Case 'RouteAlignmentSampleBuilderTests.testPolicyDefaultsAreDocumented' passed (0.0 seconds)
Test Suite 'RouteAlignmentSampleBuilderTests' passed at 2026-09-23 03:29:29.605
	 Executed 7 tests, with 0 failures (0 unexpected) in 0.131 (0.131) seconds
Test Suite 'RouteGroupingBenchmark' started at 2026-09-23 03:29:29.605
Test Case 'RouteGroupingBenchmark.testCandidateFilterVersusBruteForce' started at 2026-09-23 03:29:29.605
/__w/runplay-studio/runplay-studio/RunPlayCore/Tests/RunPlayCoreTests/RouteGroupingBenchmark.swift:27: RouteGroupingBenchmark.testCandidateFilterVersusBruteForce : Test skipped: required false value but got true - Set RUNPLAY_ROUTE_GROUPING_BENCHMARK=1 to run the route-grouping benchmark
Test Case 'RouteGroupingBenchmark.testCandidateFilterVersusBruteForce' skipped (0.0 seconds)
Test Suite 'RouteGroupingBenchmark' passed at 2026-09-23 03:29:29.605
	 Executed 1 test, with 1 test skipped and 0 failures (0 unexpected) in 0.0 (0.0) seconds
Test Suite 'RouteGroupingManifestTests' started at 2026-09-23 03:29:29.605
Test Case 'RouteGroupingManifestTests.testRepairClearsPinAndSummaryThatLeftTheGroup' started at 2026-09-23 03:29:29.605
Test Case 'RouteGroupingManifestTests.testRepairClearsPinAndSummaryThatLeftTheGroup' passed (0.0 seconds)
Test Case 'RouteGroupingManifestTests.testRepairDropsAssignmentsForMissingWorkoutsAndEmptyGroups' started at 2026-09-23 03:29:29.605
Test Case 'RouteGroupingManifestTests.testRepairDropsAssignmentsForMissingWorkoutsAndEmptyGroups' passed (0.0 seconds)
Test Case 'RouteGroupingManifestTests.testRouteGroupsRoundTripThroughJSON' started at 2026-09-23 03:29:29.605
Test Case 'RouteGroupingManifestTests.testRouteGroupsRoundTripThroughJSON' passed (0.101 seconds)
Test Case 'RouteGroupingManifestTests.testSetRouteGroupAssignmentReplacesExistingRecord' started at 2026-09-23 03:29:29.706
Test Case 'RouteGroupingManifestTests.testSetRouteGroupAssignmentReplacesExistingRecord' passed (0.0 seconds)
Test Case 'RouteGroupingManifestTests.testVersionThreeManifestDecodesWithEmptyRouteGroups' started at 2026-09-23 03:29:29.707
Test Case 'RouteGroupingManifestTests.testVersionThreeManifestDecodesWithEmptyRouteGroups' passed (0.0 seconds)
Test Suite 'RouteGroupingManifestTests' passed at 2026-09-23 03:29:29.707
	 Executed 5 tests, with 0 failures (0 unexpected) in 0.102 (0.102) seconds
Test Suite 'RouteGroupingMeasurementTests' started at 2026-09-23 03:29:29.707
Test Case 'RouteGroupingMeasurementTests.testMutualCoverageGrid' started at 2026-09-23 03:29:29.707
/__w/runplay-studio/runplay-studio/RunPlayCore/Tests/RunPlayCoreTests/RouteGroupingMeasurementTests.swift:56: RouteGroupingMeasurementTests.testMutualCoverageGrid : Test skipped: required false value but got true - Set RUNPLAY_ROUTE_GROUPING_MEASURE=1 to print the mutual-coverage grid
Test Case 'RouteGroupingMeasurementTests.testMutualCoverageGrid' skipped (0.0 seconds)
Test Suite 'RouteGroupingMeasurementTests' passed at 2026-09-23 03:29:29.707
	 Executed 1 test, with 1 test skipped and 0 failures (0 unexpected) in 0.0 (0.0) seconds
Test Suite 'RouteGroupingQueryFilterTests' started at 2026-09-23 03:29:29.707
Test Case 'RouteGroupingQueryFilterTests.testActiveFilterCountIncludesRoute' started at 2026-09-23 03:29:29.707
Test Case 'RouteGroupingQueryFilterTests.testActiveFilterCountIncludesRoute' passed (0.0 seconds)
Test Case 'RouteGroupingQueryFilterTests.testRouteFilterMatching' started at 2026-09-23 03:29:29.707
Test Case 'RouteGroupingQueryFilterTests.testRouteFilterMatching' passed (0.0 seconds)
Test Case 'RouteGroupingQueryFilterTests.testSavedQueryFilterDecodesLegacyJSONWithoutRouteField' started at 2026-09-23 03:29:29.707
Test Case 'RouteGroupingQueryFilterTests.testSavedQueryFilterDecodesLegacyJSONWithoutRouteField' passed (0.001 seconds)
Test Case 'RouteGroupingQueryFilterTests.testSavedQueryFilterRoundTripsRoute' started at 2026-09-23 03:29:29.708
Test Case 'RouteGroupingQueryFilterTests.testSavedQueryFilterRoundTripsRoute' passed (0.0 seconds)
Test Suite 'RouteGroupingQueryFilterTests' passed at 2026-09-23 03:29:29.708
	 Executed 4 tests, with 0 failures (0 unexpected) in 0.001 (0.001) seconds
Test Suite 'RouteGroupingServiceTests' started at 2026-09-23 03:29:29.708
Test Case 'RouteGroupingServiceTests.testIncrementalAssignGroupsRepeatsOfOneLoop' started at 2026-09-23 03:29:29.708
Test Case 'RouteGroupingServiceTests.testIncrementalAssignGroupsRepeatsOfOneLoop' passed (0.026 seconds)
Test Case 'RouteGroupingServiceTests.testIncrementalAssignmentCreatesSingletonForUniqueRoute' started at 2026-09-23 03:29:29.735
Test Case 'RouteGroupingServiceTests.testIncrementalAssignmentCreatesSingletonForUniqueRoute' passed (0.008 seconds)
Test Case 'RouteGroupingServiceTests.testIncrementalAssignmentMatchesFullReclusterForChronologicalImports' started at 2026-09-23 03:29:29.742
Test Case 'RouteGroupingServiceTests.testIncrementalAssignmentMatchesFullReclusterForChronologicalImports' passed (0.056 seconds)
Test Case 'RouteGroupingServiceTests.testNonParticipatingWorkoutReceivesNilAssignment' started at 2026-09-23 03:29:29.798
Test Case 'RouteGroupingServiceTests.testNonParticipatingWorkoutReceivesNilAssignment' passed (0.1 seconds)
Test Case 'RouteGroupingServiceTests.testReclusterCancellationLeavesNoPartialOutput' started at 2026-09-23 03:29:29.899
Test Case 'RouteGroupingServiceTests.testReclusterCancellationLeavesNoPartialOutput' passed (0.043 seconds)
Test Case 'RouteGroupingServiceTests.testReclusterCarriesOverNameAndPin' started at 2026-09-23 03:29:29.942
Test Case 'RouteGroupingServiceTests.testReclusterCarriesOverNameAndPin' passed (0.016 seconds)
Test Case 'RouteGroupingServiceTests.testReclusterDropsPinWhenPinnedRunClustersElsewhere' started at 2026-09-23 03:29:29.957
Test Case 'RouteGroupingServiceTests.testReclusterDropsPinWhenPinnedRunClustersElsewhere' passed (0.005 seconds)
Test Case 'RouteGroupingServiceTests.testRepresentativePrefersCleanestGPSThenDensestThenEarliest' started at 2026-09-23 03:29:29.962
Test Case 'RouteGroupingServiceTests.testRepresentativePrefersCleanestGPSThenDensestThenEarliest' passed (0.011 seconds)
Test Suite 'RouteGroupingServiceTests' passed at 2026-09-23 03:29:29.973
	 Executed 8 tests, with 0 failures (0 unexpected) in 0.265 (0.265) seconds
Test Suite 'RouteGroupingStoreActorTests' started at 2026-09-23 03:29:29.973
Test Case 'RouteGroupingStoreActorTests.testAssignRouteGroupsPersistsMembershipAndIsIdempotent' started at 2026-09-23 03:29:29.973
Test Case 'RouteGroupingStoreActorTests.testAssignRouteGroupsPersistsMembershipAndIsIdempotent' passed (0.037 seconds)
Test Case 'RouteGroupingStoreActorTests.testBackfillAssignsEverythingThenIdles' started at 2026-09-23 03:29:30.010
Test Case 'RouteGroupingStoreActorTests.testBackfillAssignsEverythingThenIdles' passed (0.036 seconds)
Test Case 'RouteGroupingStoreActorTests.testDeleteWorkoutInsideAssignmentWindowSurvivesFinalWrite' started at 2026-09-23 03:29:30.046
Test Case 'RouteGroupingStoreActorTests.testDeleteWorkoutInsideAssignmentWindowSurvivesFinalWrite' passed (0.046 seconds)
Test Case 'RouteGroupingStoreActorTests.testDeleteWorkoutRepairsRouteGroup' started at 2026-09-23 03:29:30.092
Test Case 'RouteGroupingStoreActorTests.testDeleteWorkoutRepairsRouteGroup' passed (0.043 seconds)
Test Case 'RouteGroupingStoreActorTests.testMergeRouteGroupsInsideAssignmentWindowSurvivesFinalWrite' started at 2026-09-23 03:29:30.135
Test Case 'RouteGroupingStoreActorTests.testMergeRouteGroupsInsideAssignmentWindowSurvivesFinalWrite' passed (0.06 seconds)
Test Case 'RouteGroupingStoreActorTests.testMergeRouteGroupsMovesMembers' started at 2026-09-23 03:29:30.195
Test Case 'RouteGroupingStoreActorTests.testMergeRouteGroupsMovesMembers' passed (0.044 seconds)
Test Case 'RouteGroupingStoreActorTests.testMergedAwaySourceGroupInsideAssignmentWindowIsNotResurrected' started at 2026-09-23 03:29:30.239
Test Case 'RouteGroupingStoreActorTests.testMergedAwaySourceGroupInsideAssignmentWindowIsNotResurrected' passed (0.059 seconds)
Test Case 'RouteGroupingStoreActorTests.testOverlappingAssignmentPassesKeepEachOthersGroups' started at 2026-09-23 03:29:30.298
Test Case 'RouteGroupingStoreActorTests.testOverlappingAssignmentPassesKeepEachOthersGroups' passed (0.144 seconds)
Test Case 'RouteGroupingStoreActorTests.testPassCreatedGroupStillLandsAlongsideExistingGroups' started at 2026-09-23 03:29:30.442
Test Case 'RouteGroupingStoreActorTests.testPassCreatedGroupStillLandsAlongsideExistingGroups' passed (0.028 seconds)
Test Case 'RouteGroupingStoreActorTests.testPinRouteGroupRepresentative' started at 2026-09-23 03:29:30.470
Test Case 'RouteGroupingStoreActorTests.testPinRouteGroupRepresentative' passed (0.04 seconds)
Test Case 'RouteGroupingStoreActorTests.testPinRouteGroupRepresentativeInsideAssignmentWindowSurvivesFinalWrite' started at 2026-09-23 03:29:30.510
Test Case 'RouteGroupingStoreActorTests.testPinRouteGroupRepresentativeInsideAssignmentWindowSurvivesFinalWrite' passed (0.062 seconds)
Test Case 'RouteGroupingStoreActorTests.testReclusterReplacesGroupsAtomicallyAndCarriesNames' started at 2026-09-23 03:29:30.572
Test Case 'RouteGroupingStoreActorTests.testReclusterReplacesGroupsAtomicallyAndCarriesNames' passed (0.062 seconds)
Test Case 'RouteGroupingStoreActorTests.testRemoveWorkoutFromRouteGroupInsideAssignmentWindowIsNotReAdded' started at 2026-09-23 03:29:30.634
Test Case 'RouteGroupingStoreActorTests.testRemoveWorkoutFromRouteGroupInsideAssignmentWindowIsNotReAdded' passed (0.051 seconds)
Test Case 'RouteGroupingStoreActorTests.testRemoveWorkoutFromRouteGroupLeavesNilMarkerAndDropsEmptyGroup' started at 2026-09-23 03:29:30.685
Test Case 'RouteGroupingStoreActorTests.testRemoveWorkoutFromRouteGroupLeavesNilMarkerAndDropsEmptyGroup' passed (0.024 seconds)
Test Case 'RouteGroupingStoreActorTests.testRenameRouteGroup' started at 2026-09-23 03:29:30.709
Test Case 'RouteGroupingStoreActorTests.testRenameRouteGroup' passed (0.023 seconds)
Test Case 'RouteGroupingStoreActorTests.testRenameRouteGroupInsideAssignmentWindowSurvivesFinalWrite' started at 2026-09-23 03:29:30.732
Test Case 'RouteGroupingStoreActorTests.testRenameRouteGroupInsideAssignmentWindowSurvivesFinalWrite' passed (0.138 seconds)
Test Suite 'RouteGroupingStoreActorTests' passed at 2026-09-23 03:29:30.870
	 Executed 16 tests, with 0 failures (0 unexpected) in 0.897 (0.897) seconds
Test Suite 'RouteGroupingTests' started at 2026-09-23 03:29:30.870
Test Case 'RouteGroupingTests.testAClimbCreatingANewCollisionEscalatesTheSettledMemberToo' started at 2026-09-23 03:29:30.870
Test Case 'RouteGroupingTests.testAClimbCreatingANewCollisionEscalatesTheSettledMemberToo' passed (0.0 seconds)
Test Case 'RouteGroupingTests.testAddingCollidingGroupDoesNotRenameExistingGroups' started at 2026-09-23 03:29:30.871
Test Case 'RouteGroupingTests.testAddingCollidingGroupDoesNotRenameExistingGroups' passed (0.001 seconds)
Test Case 'RouteGroupingTests.testAddingFirstCollisionRefinesBareNameToToken' started at 2026-09-23 03:29:30.872
Test Case 'RouteGroupingTests.testAddingFirstCollisionRefinesBareNameToToken' passed (0.004 seconds)
Test Case 'RouteGroupingTests.testBelowMinimumDistanceYieldsNoParticipation' started at 2026-09-23 03:29:30.876
Test Case 'RouteGroupingTests.testBelowMinimumDistanceYieldsNoParticipation' passed (0.0 seconds)
Test Case 'RouteGroupingTests.testCoarseLabelEqualToAnotherMembersFineLabelStillEscalates' started at 2026-09-23 03:29:30.876
Test Case 'RouteGroupingTests.testCoarseLabelEqualToAnotherMembersFineLabelStillEscalates' passed (0.0 seconds)
Test Case 'RouteGroupingTests.testDefaultDisplayNameDescribesGeometry' started at 2026-09-23 03:29:30.877
Test Case 'RouteGroupingTests.testDefaultDisplayNameDescribesGeometry' passed (0.0 seconds)
Test Case 'RouteGroupingTests.testDefaultPolicyThresholdsAndDirectionFlag' started at 2026-09-23 03:29:30.877
Test Case 'RouteGroupingTests.testDefaultPolicyThresholdsAndDirectionFlag' passed (0.0 seconds)
Test Case 'RouteGroupingTests.testDerivedNameInvariantsOverGeneratedPopulation' started at 2026-09-23 03:29:30.877
Test Case 'RouteGroupingTests.testDerivedNameInvariantsOverGeneratedPopulation' passed (0.312 seconds)
Test Case 'RouteGroupingTests.testDigestTierExtendsOnlyForCollidingMembers' started at 2026-09-23 03:29:31.189
Test Case 'RouteGroupingTests.testDigestTierExtendsOnlyForCollidingMembers' passed (0.002 seconds)
Test Case 'RouteGroupingTests.testDuplicateGroupIDsStopAtTheTerminalTier' started at 2026-09-23 03:29:31.191
Test Case 'RouteGroupingTests.testDuplicateGroupIDsStopAtTheTerminalTier' passed (0.0 seconds)
Test Case 'RouteGroupingTests.testFactsCaptureBoundsEndpointsAndDistance' started at 2026-09-23 03:29:31.191
Test Case 'RouteGroupingTests.testFactsCaptureBoundsEndpointsAndDistance' passed (0.001 seconds)
Test Case 'RouteGroupingTests.testFineSectorStraddlingCoarseBoundaryNeverSharesAName' started at 2026-09-23 03:29:31.192
Test Case 'RouteGroupingTests.testFineSectorStraddlingCoarseBoundaryNeverSharesAName' passed (0.001 seconds)
Test Case 'RouteGroupingTests.testFiveKilometrePrefixOfSixKilometreRouteDoesNotGroup' started at 2026-09-23 03:29:31.193
Test Case 'RouteGroupingTests.testFiveKilometrePrefixOfSixKilometreRouteDoesNotGroup' passed (0.009 seconds)
Test Case 'RouteGroupingTests.testFiveKilometrePrefixOfTenKilometreRouteDoesNotGroup' started at 2026-09-23 03:29:31.202
Test Case 'RouteGroupingTests.testFiveKilometrePrefixOfTenKilometreRouteDoesNotGroup' passed (0.019 seconds)
Test Case 'RouteGroupingTests.testIdenticalLoopWithGPSNoiseGroups' started at 2026-09-23 03:29:31.221
Test Case 'RouteGroupingTests.testIdenticalLoopWithGPSNoiseGroups' passed (0.011 seconds)
Test Case 'RouteGroupingTests.testIdenticalShortLoopWithGPSNoiseGroups' started at 2026-09-23 03:29:31.232
Test Case 'RouteGroupingTests.testIdenticalShortLoopWithGPSNoiseGroups' passed (0.003 seconds)
Test Case 'RouteGroupingTests.testIdenticallyUserNamedGroupsStayIdentical' started at 2026-09-23 03:29:31.235
Test Case 'RouteGroupingTests.testIdenticallyUserNamedGroupsStayIdentical' passed (0.003 seconds)
Test Case 'RouteGroupingTests.testLoopMatchedAgainstItsOwnSupersetDoesNotGroup' started at 2026-09-23 03:29:31.238
Test Case 'RouteGroupingTests.testLoopMatchedAgainstItsOwnSupersetDoesNotGroup' passed (0.01 seconds)
Test Case 'RouteGroupingTests.testLoopPlusSpurDoesNotGroupWithLoop' started at 2026-09-23 03:29:31.248
Test Case 'RouteGroupingTests.testLoopPlusSpurDoesNotGroupWithLoop' passed (0.01 seconds)
Test Case 'RouteGroupingTests.testLoopsSharingOneEdgeDoNotGroup' started at 2026-09-23 03:29:31.258
Test Case 'RouteGroupingTests.testLoopsSharingOneEdgeDoNotGroup' passed (0.004 seconds)
Test Case 'RouteGroupingTests.testMissingRepresentativeSummaryFallsBackWithoutCrashing' started at 2026-09-23 03:29:31.261
Test Case 'RouteGroupingTests.testMissingRepresentativeSummaryFallsBackWithoutCrashing' passed (0.001 seconds)
Test Case 'RouteGroupingTests.testNamesAreInputOrderIndependent' started at 2026-09-23 03:29:31.263
Test Case 'RouteGroupingTests.testNamesAreInputOrderIndependent' passed (0.101 seconds)
Test Case 'RouteGroupingTests.testNamesAreStableAcrossRunsAndUnrelatedAdditions' started at 2026-09-23 03:29:31.364
Test Case 'RouteGroupingTests.testNamesAreStableAcrossRunsAndUnrelatedAdditions' passed (0.004 seconds)
Test Case 'RouteGroupingTests.testOppositeDirectionExcludedWhenPolicyDisablesIt' started at 2026-09-23 03:29:31.368
Test Case 'RouteGroupingTests.testOppositeDirectionExcludedWhenPolicyDisablesIt' passed (0.004 seconds)
Test Case 'RouteGroupingTests.testPointToPointCollisionsUseDirectionTokens' started at 2026-09-23 03:29:31.373
Test Case 'RouteGroupingTests.testPointToPointCollisionsUseDirectionTokens' passed (0.003 seconds)
Test Case 'RouteGroupingTests.testReversedSamplesMirrorDistancesProgressAndHeadings' started at 2026-09-23 03:29:31.376
Test Case 'RouteGroupingTests.testReversedSamplesMirrorDistancesProgressAndHeadings' passed (0.0 seconds)
Test Case 'RouteGroupingTests.testRoutesFarApartDoNotGroup' started at 2026-09-23 03:29:31.376
Test Case 'RouteGroupingTests.testRoutesFarApartDoNotGroup' passed (0.004 seconds)
Test Case 'RouteGroupingTests.testSameCoarseSectorRefinesToFineSectors' started at 2026-09-23 03:29:31.380
Test Case 'RouteGroupingTests.testSameCoarseSectorRefinesToFineSectors' passed (0.001 seconds)
Test Case 'RouteGroupingTests.testSameLoopReversedGroupsWithReversedFlag' started at 2026-09-23 03:29:31.380
Test Case 'RouteGroupingTests.testSameLoopReversedGroupsWithReversedFlag' passed (0.016 seconds)
Test Case 'RouteGroupingTests.testSameRoundedDistanceLoopsWithSharedEndpointsGetDistinctTokens' started at 2026-09-23 03:29:31.396
Test Case 'RouteGroupingTests.testSameRoundedDistanceLoopsWithSharedEndpointsGetDistinctTokens' passed (0.001 seconds)
Test Case 'RouteGroupingTests.testSharedPrefixSlightlyAboveThresholdGroups' started at 2026-09-23 03:29:31.397
Test Case 'RouteGroupingTests.testSharedPrefixSlightlyAboveThresholdGroups' passed (0.007 seconds)
Test Case 'RouteGroupingTests.testSharedPrefixWellBelowThresholdDoesNotGroup' started at 2026-09-23 03:29:31.405
Test Case 'RouteGroupingTests.testSharedPrefixWellBelowThresholdDoesNotGroup' passed (0.009 seconds)
Test Case 'RouteGroupingTests.testStraddlingPairWithoutCoarseSiblingsKeepsCoarseTokens' started at 2026-09-23 03:29:31.414
Test Case 'RouteGroupingTests.testStraddlingPairWithoutCoarseSiblingsKeepsCoarseTokens' passed (0.0 seconds)
Test Case 'RouteGroupingTests.testThreeWayCollisionResolvesToDistinctNames' started at 2026-09-23 03:29:31.414
Test Case 'RouteGroupingTests.testThreeWayCollisionResolvesToDistinctNames' passed (0.001 seconds)
Test Case 'RouteGroupingTests.testTokenCollisionFallsBackToStableIdentityDigest' started at 2026-09-23 03:29:31.415
Test Case 'RouteGroupingTests.testTokenCollisionFallsBackToStableIdentityDigest' passed (0.101 seconds)
Test Case 'RouteGroupingTests.testTokenStableAcrossRepresentativeGPSNoise' started at 2026-09-23 03:29:31.516
Test Case 'RouteGroupingTests.testTokenStableAcrossRepresentativeGPSNoise' passed (0.004 seconds)
Test Case 'RouteGroupingTests.testUncollidedNamesAreUnchanged' started at 2026-09-23 03:29:31.520
Test Case 'RouteGroupingTests.testUncollidedNamesAreUnchanged' passed (0.003 seconds)
Test Case 'RouteGroupingTests.testUserNamesAreVerbatimAndNeverParticipate' started at 2026-09-23 03:29:31.523
Test Case 'RouteGroupingTests.testUserNamesAreVerbatimAndNeverParticipate' passed (0.004 seconds)
Test Suite 'RouteGroupingTests' passed at 2026-09-23 03:29:31.527
	 Executed 38 tests, with 0 failures (0 unexpected) in 0.656 (0.656) seconds
Test Suite 'RouteMetricProductionABBenchmark' started at 2026-09-23 03:29:31.527
Test Case 'RouteMetricProductionABBenchmark.testProductionAB' started at 2026-09-23 03:29:31.527
/__w/runplay-studio/runplay-studio/RunPlayCore/Tests/RunPlayCoreTests/RouteMetricProductionABBenchmark.swift:24: RouteMetricProductionABBenchmark.testProductionAB : Test skipped: required false value but got true - Set RUNPLAY_PRODUCTION_AB=1
Test Case 'RouteMetricProductionABBenchmark.testProductionAB' skipped (0.0 seconds)
Test Suite 'RouteMetricProductionABBenchmark' passed at 2026-09-23 03:29:31.527
	 Executed 1 test, with 1 test skipped and 0 failures (0 unexpected) in 0.0 (0.0) seconds
Test Suite 'RouteMetricProfileTests' started at 2026-09-23 03:29:31.527
Test Case 'RouteMetricProfileTests.testActivePaceExcludesRecordingPause' started at 2026-09-23 03:29:31.527
Test Case 'RouteMetricProfileTests.testActivePaceExcludesRecordingPause' passed (0.0 seconds)
Test Case 'RouteMetricProfileTests.testAvailabilityFlags' started at 2026-09-23 03:29:31.528
Test Case 'RouteMetricProfileTests.testAvailabilityFlags' passed (0.001 seconds)
Test Case 'RouteMetricProfileTests.testBelowSeaLevelElevationRetained' started at 2026-09-23 03:29:31.528
Test Case 'RouteMetricProfileTests.testBelowSeaLevelElevationRetained' passed (0.0 seconds)
Test Case 'RouteMetricProfileTests.testBucketNormalizationClamps' started at 2026-09-23 03:29:31.529
Test Case 'RouteMetricProfileTests.testBucketNormalizationClamps' passed (0.0 seconds)
Test Case 'RouteMetricProfileTests.testCancellationThrows' started at 2026-09-23 03:29:31.529
Test Case 'RouteMetricProfileTests.testCancellationThrows' passed (0.027 seconds)
Test Case 'RouteMetricProfileTests.testCleanPaceRouteProducesScaleAndBuckets' started at 2026-09-23 03:29:31.556
Test Case 'RouteMetricProfileTests.testCleanPaceRouteProducesScaleAndBuckets' passed (0.0 seconds)
Test Case 'RouteMetricProfileTests.testCorrectedElevationUsedNotRaw' started at 2026-09-23 03:29:31.556
Test Case 'RouteMetricProfileTests.testCorrectedElevationUsedNotRaw' passed (0.0 seconds)
Test Case 'RouteMetricProfileTests.testDeterministicResult' started at 2026-09-23 03:29:31.557
Test Case 'RouteMetricProfileTests.testDeterministicResult' passed (0.001 seconds)
Test Case 'RouteMetricProfileTests.testDifferentSampleFrequenciesProduceSimilarScales' started at 2026-09-23 03:29:31.557
Test Case 'RouteMetricProfileTests.testDifferentSampleFrequenciesProduceSimilarScales' passed (0.001 seconds)
Test Case 'RouteMetricProfileTests.testElevationBelowMinimumScaleSpanIsUnavailable' started at 2026-09-23 03:29:31.558
Test Case 'RouteMetricProfileTests.testElevationBelowMinimumScaleSpanIsUnavailable' passed (0.101 seconds)
Test Case 'RouteMetricProfileTests.testEqualValuedScaleSafe' started at 2026-09-23 03:29:31.659
Test Case 'RouteMetricProfileTests.testEqualValuedScaleSafe' passed (0.0 seconds)
Test Case 'RouteMetricProfileTests.testHeartRateFullCoverage' started at 2026-09-23 03:29:31.659
Test Case 'RouteMetricProfileTests.testHeartRateFullCoverage' passed (0.101 seconds)
Test Case 'RouteMetricProfileTests.testHeartRateMissingIntervalRemainsNil' started at 2026-09-23 03:29:31.760
Test Case 'RouteMetricProfileTests.testHeartRateMissingIntervalRemainsNil' passed (0.101 seconds)
Test Case 'RouteMetricProfileTests.testInvalidHRRejected' started at 2026-09-23 03:29:31.861
Test Case 'RouteMetricProfileTests.testInvalidHRRejected' passed (0.101 seconds)
Test Case 'RouteMetricProfileTests.testLargeRouteBoundedWork' started at 2026-09-23 03:29:31.961
Test Case 'RouteMetricProfileTests.testLargeRouteBoundedWork' passed (0.624 seconds)
Test Case 'RouteMetricProfileTests.testMissingCorrectedElevationIsNoData' started at 2026-09-23 03:29:32.585
Test Case 'RouteMetricProfileTests.testMissingCorrectedElevationIsNoData' passed (0.0 seconds)
Test Case 'RouteMetricProfileTests.testNoPaceAcrossRouteSegmentBoundary' started at 2026-09-23 03:29:32.585
Test Case 'RouteMetricProfileTests.testNoPaceAcrossRouteSegmentBoundary' passed (0.101 seconds)
Test Case 'RouteMetricProfileTests.testNonMeaningfulCorrectedElevationProfileProducesNoData' started at 2026-09-23 03:29:32.686
Test Case 'RouteMetricProfileTests.testNonMeaningfulCorrectedElevationProfileProducesNoData' passed (0.0 seconds)
Test Case 'RouteMetricProfileTests.testOneValidIntervalScale' started at 2026-09-23 03:29:32.686
Test Case 'RouteMetricProfileTests.testOneValidIntervalScale' passed (0.0 seconds)
Test Case 'RouteMetricProfileTests.testSolidModeNeedsNoMetricIntervals' started at 2026-09-23 03:29:32.686
Test Case 'RouteMetricProfileTests.testSolidModeNeedsNoMetricIntervals' passed (0.0 seconds)
Test Case 'RouteMetricProfileTests.testUnreasonablePaceRejected' started at 2026-09-23 03:29:32.687
Test Case 'RouteMetricProfileTests.testUnreasonablePaceRejected' passed (0.0 seconds)
Test Case 'RouteMetricProfileTests.testWeightedQuantileAvoidsFiniteWeightOverflow' started at 2026-09-23 03:29:32.687
Test Case 'RouteMetricProfileTests.testWeightedQuantileAvoidsFiniteWeightOverflow' passed (0.0 seconds)
Test Case 'RouteMetricProfileTests.testWeightedQuantileRejectsNonFiniteQuantile' started at 2026-09-23 03:29:32.687
Test Case 'RouteMetricProfileTests.testWeightedQuantileRejectsNonFiniteQuantile' passed (0.0 seconds)
Test Case 'RouteMetricProfileTests.testWeightedQuantilesIgnoreZeroDistance' started at 2026-09-23 03:29:32.687
Test Case 'RouteMetricProfileTests.testWeightedQuantilesIgnoreZeroDistance' passed (0.0 seconds)
Test Suite 'RouteMetricProfileTests' passed at 2026-09-23 03:29:32.687
	 Executed 24 tests, with 0 failures (0 unexpected) in 1.16 (1.16) seconds
Test Suite 'RouteMetricScaleBucketBenchmark' started at 2026-09-23 03:29:32.687
Test Case 'RouteMetricScaleBucketBenchmark.testReleaseBenchmark' started at 2026-09-23 03:29:32.687
/__w/runplay-studio/runplay-studio/RunPlayCore/Tests/RunPlayCoreTests/RouteMetricScaleBucketBenchmark.swift:11: RouteMetricScaleBucketBenchmark.testReleaseBenchmark : Test skipped: required false value but got true - Set RUNPLAY_BENCHMARK=1
Test Case 'RouteMetricScaleBucketBenchmark.testReleaseBenchmark' skipped (0.0 seconds)
Test Suite 'RouteMetricScaleBucketBenchmark' passed at 2026-09-23 03:29:32.688
	 Executed 1 test, with 1 test skipped and 0 failures (0 unexpected) in 0.0 (0.0) seconds
Test Suite 'RouteMetricScaleBucketCompatibilityTests' started at 2026-09-23 03:29:32.688
Test Case 'RouteMetricScaleBucketCompatibilityTests.testBucketCountAboveInt32MaxAndIntMax' started at 2026-09-23 03:29:32.688
Test Case 'RouteMetricScaleBucketCompatibilityTests.testBucketCountAboveInt32MaxAndIntMax' passed (0.0 seconds)
Test Case 'RouteMetricScaleBucketCompatibilityTests.testCompleteProfileHeartRateWithOverflowingIntervalDistance' started at 2026-09-23 03:29:32.688
Test Case 'RouteMetricScaleBucketCompatibilityTests.testCompleteProfileHeartRateWithOverflowingIntervalDistance' passed (0.0 seconds)
Test Case 'RouteMetricScaleBucketCompatibilityTests.testNegativeInfinityAndNaNWeightRejected' started at 2026-09-23 03:29:32.688
Test Case 'RouteMetricScaleBucketCompatibilityTests.testNegativeInfinityAndNaNWeightRejected' passed (0.0 seconds)
Test Case 'RouteMetricScaleBucketCompatibilityTests.testOriginMainLargeWeightsAndNonFinitePresentValues' started at 2026-09-23 03:29:32.688
Test Case 'RouteMetricScaleBucketCompatibilityTests.testOriginMainLargeWeightsAndNonFinitePresentValues' passed (0.0 seconds)
Test Case 'RouteMetricScaleBucketCompatibilityTests.testOriginMainNumericEdgeMatrix' started at 2026-09-23 03:29:32.688
Test Case 'RouteMetricScaleBucketCompatibilityTests.testOriginMainNumericEdgeMatrix' passed (0.0 seconds)
Test Case 'RouteMetricScaleBucketCompatibilityTests.testOriginMainPolicyEdges' started at 2026-09-23 03:29:32.688
Test Case 'RouteMetricScaleBucketCompatibilityTests.testOriginMainPolicyEdges' passed (0.0 seconds)
Test Case 'RouteMetricScaleBucketCompatibilityTests.testPositiveInfiniteIndividualWeight' started at 2026-09-23 03:29:32.688
Test Case 'RouteMetricScaleBucketCompatibilityTests.testPositiveInfiniteIndividualWeight' passed (0.0 seconds)
Test Case 'RouteMetricScaleBucketCompatibilityTests.testPositiveInfinityAndNegativeZeroWeightBitPatterns' started at 2026-09-23 03:29:32.689
Test Case 'RouteMetricScaleBucketCompatibilityTests.testPositiveInfinityAndNegativeZeroWeightBitPatterns' passed (0.0 seconds)
Test Suite 'RouteMetricScaleBucketCompatibilityTests' passed at 2026-09-23 03:29:32.689
	 Executed 8 tests, with 0 failures (0 unexpected) in 0.001 (0.001) seconds
Test Suite 'RouteMetricScaleBucketParityTests' started at 2026-09-23 03:29:32.689
Test Case 'RouteMetricScaleBucketParityTests.testAllModesAndCustomPolicies' started at 2026-09-23 03:29:32.689
Test Case 'RouteMetricScaleBucketParityTests.testAllModesAndCustomPolicies' passed (0.021 seconds)
Test Case 'RouteMetricScaleBucketParityTests.testNativeCallCountsByMode' started at 2026-09-23 03:29:32.710
Test Case 'RouteMetricScaleBucketParityTests.testNativeCallCountsByMode' passed (0.002 seconds)
Test Case 'RouteMetricScaleBucketParityTests.testOneMillionPointCompleteProfileParity' started at 2026-09-23 03:29:32.712
Test Case 'RouteMetricScaleBucketParityTests.testOneMillionPointCompleteProfileParity' passed (8.021 seconds)
Test Suite 'RouteMetricScaleBucketParityTests' passed at 2026-09-23 03:29:40.733
	 Executed 3 tests, with 0 failures (0 unexpected) in 8.045 (8.045) seconds
Test Suite 'RoutePointInterpolatorTests' started at 2026-09-23 03:29:40.733
Test Case 'RoutePointInterpolatorTests.testAverageHeartRateFiltersOutOfRange' started at 2026-09-23 03:29:40.733
Test Case 'RoutePointInterpolatorTests.testAverageHeartRateFiltersOutOfRange' passed (0.0 seconds)
Test Case 'RoutePointInterpolatorTests.testAverageHeartRateReturnsAverage' started at 2026-09-23 03:29:40.734
Test Case 'RoutePointInterpolatorTests.testAverageHeartRateReturnsAverage' passed (0.0 seconds)
Test Case 'RoutePointInterpolatorTests.testAverageHeartRateWithInvertedRangeReturnsNil' started at 2026-09-23 03:29:40.734
Test Case 'RoutePointInterpolatorTests.testAverageHeartRateWithInvertedRangeReturnsNil' passed (0.0 seconds)
Test Case 'RoutePointInterpolatorTests.testAverageHeartRateWithNoValidHRReturnsNil' started at 2026-09-23 03:29:40.734
Test Case 'RoutePointInterpolatorTests.testAverageHeartRateWithNoValidHRReturnsNil' passed (0.0 seconds)
Test Case 'RoutePointInterpolatorTests.testElevationGainComputesPositiveGain' started at 2026-09-23 03:29:40.734
Test Case 'RoutePointInterpolatorTests.testElevationGainComputesPositiveGain' passed (0.0 seconds)
Test Case 'RoutePointInterpolatorTests.testElevationGainWithInvertedRangeReturnsNil' started at 2026-09-23 03:29:40.734
Test Case 'RoutePointInterpolatorTests.testElevationGainWithInvertedRangeReturnsNil' passed (0.0 seconds)
Test Case 'RoutePointInterpolatorTests.testElevationGainWithNoAltitudeReturnsNil' started at 2026-09-23 03:29:40.734
Test Case 'RoutePointInterpolatorTests.testElevationGainWithNoAltitudeReturnsNil' passed (0.0 seconds)
Test Case 'RoutePointInterpolatorTests.testFirstIndexAtOrAfterFindsCorrectIndex' started at 2026-09-23 03:29:40.734
Test Case 'RoutePointInterpolatorTests.testFirstIndexAtOrAfterFindsCorrectIndex' passed (0.0 seconds)
Test Case 'RoutePointInterpolatorTests.testFirstIndexBeyondEndReturnsNil' started at 2026-09-23 03:29:40.734
Test Case 'RoutePointInterpolatorTests.testFirstIndexBeyondEndReturnsNil' passed (0.0 seconds)
Test Case 'RoutePointInterpolatorTests.testLastIndexAtOrBeforeFindsCorrectIndex' started at 2026-09-23 03:29:40.734
Test Case 'RoutePointInterpolatorTests.testLastIndexAtOrBeforeFindsCorrectIndex' passed (0.0 seconds)
Test Case 'RoutePointInterpolatorTests.testPointAtDuplicateTailDistanceReturnsLastPoint' started at 2026-09-23 03:29:40.734
Test Case 'RoutePointInterpolatorTests.testPointAtDuplicateTailDistanceReturnsLastPoint' passed (0.0 seconds)
Test Case 'RoutePointInterpolatorTests.testPointAtEndReturnsLastPoint' started at 2026-09-23 03:29:40.735
Test Case 'RoutePointInterpolatorTests.testPointAtEndReturnsLastPoint' passed (0.0 seconds)
Test Case 'RoutePointInterpolatorTests.testPointAtExactEndpointPreservesOneSidedMetrics' started at 2026-09-23 03:29:40.735
Test Case 'RoutePointInterpolatorTests.testPointAtExactEndpointPreservesOneSidedMetrics' passed (0.1 seconds)
Test Case 'RoutePointInterpolatorTests.testPointAtMidDistanceInterpolates' started at 2026-09-23 03:29:40.835
Test Case 'RoutePointInterpolatorTests.testPointAtMidDistanceInterpolates' passed (0.0 seconds)
Test Case 'RoutePointInterpolatorTests.testPointAtStartReturnsFirstPoint' started at 2026-09-23 03:29:40.835
Test Case 'RoutePointInterpolatorTests.testPointAtStartReturnsFirstPoint' passed (0.0 seconds)
Test Case 'RoutePointInterpolatorTests.testPointBeforeStartClamps' started at 2026-09-23 03:29:40.835
Test Case 'RoutePointInterpolatorTests.testPointBeforeStartClamps' passed (0.0 seconds)
Test Case 'RoutePointInterpolatorTests.testPointBeyondEndClamps' started at 2026-09-23 03:29:40.835
Test Case 'RoutePointInterpolatorTests.testPointBeyondEndClamps' passed (0.0 seconds)
Test Case 'RoutePointInterpolatorTests.testPointWithEmptyArrayReturnsNil' started at 2026-09-23 03:29:40.835
Test Case 'RoutePointInterpolatorTests.testPointWithEmptyArrayReturnsNil' passed (0.0 seconds)
Test Case 'RoutePointInterpolatorTests.testPointWithNaNDistanceReturnsNil' started at 2026-09-23 03:29:40.836
Test Case 'RoutePointInterpolatorTests.testPointWithNaNDistanceReturnsNil' passed (0.0 seconds)
Test Case 'RoutePointInterpolatorTests.testPointWithSinglePointReturnsThatPoint' started at 2026-09-23 03:29:40.836
Test Case 'RoutePointInterpolatorTests.testPointWithSinglePointReturnsThatPoint' passed (0.0 seconds)
Test Case 'RoutePointInterpolatorTests.testScenePointAtDuplicateTailDistanceReturnsLastPoint' started at 2026-09-23 03:29:40.836
Test Case 'RoutePointInterpolatorTests.testScenePointAtDuplicateTailDistanceReturnsLastPoint' passed (0.0 seconds)
Test Suite 'RoutePointInterpolatorTests' passed at 2026-09-23 03:29:40.836
	 Executed 21 tests, with 0 failures (0 unexpected) in 0.102 (0.102) seconds
Test Suite 'RoutePointPowerDynamicsCodingTests' started at 2026-09-23 03:29:40.836
Test Case 'RoutePointPowerDynamicsCodingTests.testInterpolationCarriesPowerAndDynamicsFields' started at 2026-09-23 03:29:40.836
Test Case 'RoutePointPowerDynamicsCodingTests.testInterpolationCarriesPowerAndDynamicsFields' passed (0.0 seconds)
Test Case 'RoutePointPowerDynamicsCodingTests.testInterpolationKeepsMissingPowerNilAtEndpoints' started at 2026-09-23 03:29:40.836
Test Case 'RoutePointPowerDynamicsCodingTests.testInterpolationKeepsMissingPowerNilAtEndpoints' passed (0.0 seconds)
Test Case 'RoutePointPowerDynamicsCodingTests.testLegacySnapshotWithoutPowerOrDynamicsDecodesWithNilOptionals' started at 2026-09-23 03:29:40.836
Test Case 'RoutePointPowerDynamicsCodingTests.testLegacySnapshotWithoutPowerOrDynamicsDecodesWithNilOptionals' passed (0.0 seconds)
Test Case 'RoutePointPowerDynamicsCodingTests.testPowerAndDynamicsFieldsRoundTripThroughCodable' started at 2026-09-23 03:29:40.836
Test Case 'RoutePointPowerDynamicsCodingTests.testPowerAndDynamicsFieldsRoundTripThroughCodable' passed (0.0 seconds)
Test Suite 'RoutePointPowerDynamicsCodingTests' passed at 2026-09-23 03:29:40.836
	 Executed 4 tests, with 0 failures (0 unexpected) in 0.0 (0.0) seconds
Test Suite 'RoutePointSanitizerTests' started at 2026-09-23 03:29:40.836
Test Case 'RoutePointSanitizerTests.testBiometricAvailabilityIgnoresPreservedInvalidSourceValues' started at 2026-09-23 03:29:40.836
Test Case 'RoutePointSanitizerTests.testBiometricAvailabilityIgnoresPreservedInvalidSourceValues' passed (0.0 seconds)
Test Case 'RoutePointSanitizerTests.testHeartRateSmoothingPreservesPointAlignment' started at 2026-09-23 03:29:40.837
Test Case 'RoutePointSanitizerTests.testHeartRateSmoothingPreservesPointAlignment' passed (0.0 seconds)
Test Case 'RoutePointSanitizerTests.testNormalizeAllowsZeroOptionalMetrics' started at 2026-09-23 03:29:40.837
Test Case 'RoutePointSanitizerTests.testNormalizeAllowsZeroOptionalMetrics' passed (0.0 seconds)
Test Case 'RoutePointSanitizerTests.testNormalizeDropsInvalidRouteMetricsButPreservesSourceHeartRateAndCadence' started at 2026-09-23 03:29:40.837
Test Case 'RoutePointSanitizerTests.testNormalizeDropsInvalidRouteMetricsButPreservesSourceHeartRateAndCadence' passed (0.0 seconds)
Test Case 'RoutePointSanitizerTests.testNormalizeSortsFiltersAndKeepsMonotonicSeries' started at 2026-09-23 03:29:40.837
Test Case 'RoutePointSanitizerTests.testNormalizeSortsFiltersAndKeepsMonotonicSeries' passed (0.0 seconds)
Test Case 'RoutePointSanitizerTests.testPerSegmentDistancePolicyKeepsValidSegmentsWhenAnotherIsMissingData' started at 2026-09-23 03:29:40.837
Test Case 'RoutePointSanitizerTests.testPerSegmentDistancePolicyKeepsValidSegmentsWhenAnotherIsMissingData' passed (0.0 seconds)
Test Case 'RoutePointSanitizerTests.testSplitCalculationInterpolatesUnevenSamples' started at 2026-09-23 03:29:40.837
Test Case 'RoutePointSanitizerTests.testSplitCalculationInterpolatesUnevenSamples' passed (0.0 seconds)
Test Case 'RoutePointSanitizerTests.testSuppliedDistancesAreRebasedWhenCompleteAndMonotonic' started at 2026-09-23 03:29:40.837
Test Case 'RoutePointSanitizerTests.testSuppliedDistancesAreRebasedWhenCompleteAndMonotonic' passed (0.0 seconds)
Test Case 'RoutePointSanitizerTests.testTimestampResolutionWithOneKnownValueIsLinearAtHundredThousandPoints' started at 2026-09-23 03:29:40.838
Test Case 'RoutePointSanitizerTests.testTimestampResolutionWithOneKnownValueIsLinearAtHundredThousandPoints' passed (0.004 seconds)
Test Suite 'RoutePointSanitizerTests' passed at 2026-09-23 03:29:40.841
	 Executed 9 tests, with 0 failures (0 unexpected) in 0.005 (0.005) seconds
Test Suite 'RouteQualityPipelineBenchmark' started at 2026-09-23 03:29:40.841
Test Case 'RouteQualityPipelineBenchmark.testRouteQualityPipelineBenchmark' started at 2026-09-23 03:29:40.841
/__w/runplay-studio/runplay-studio/RunPlayCore/Tests/RunPlayCoreTests/RouteQualityPipelineBenchmark.swift:15: RouteQualityPipelineBenchmark.testRouteQualityPipelineBenchmark : Test skipped: required false value but got true - Set RUNPLAY_BENCHMARK=1 to run the release benchmark.
Test Case 'RouteQualityPipelineBenchmark.testRouteQualityPipelineBenchmark' skipped (0.0 seconds)
Test Suite 'RouteQualityPipelineBenchmark' passed at 2026-09-23 03:29:40.842
	 Executed 1 test, with 1 test skipped and 0 failures (0 unexpected) in 0.0 (0.0) seconds
Test Suite 'RouteQualityProcessorTests' started at 2026-09-23 03:29:40.842
Test Case 'RouteQualityProcessorTests.testCancellationAfterCoordinateProcessingHasBegunStillPropagates' started at 2026-09-23 03:29:40.842
Test Case 'RouteQualityProcessorTests.testCancellationAfterCoordinateProcessingHasBegunStillPropagates' passed (0.14 seconds)
Test Case 'RouteQualityProcessorTests.testCancellationAfterQualityPassLeavesWorkoutUnchanged' started at 2026-09-23 03:29:40.982
Test Case 'RouteQualityProcessorTests.testCancellationAfterQualityPassLeavesWorkoutUnchanged' passed (0.001 seconds)
Test Case 'RouteQualityProcessorTests.testCancellationDuringNativeDistancePassPropagates' started at 2026-09-23 03:29:40.983
Test Case 'RouteQualityProcessorTests.testCancellationDuringNativeDistancePassPropagates' passed (0.101 seconds)
Test Case 'RouteQualityProcessorTests.testCancellationPropagatesAsCancellationError' started at 2026-09-23 03:29:41.084
Test Case 'RouteQualityProcessorTests.testCancellationPropagatesAsCancellationError' passed (0.0 seconds)
Test Case 'RouteQualityProcessorTests.testCleanStraightRouteRemainsUnchanged' started at 2026-09-23 03:29:41.084
Test Case 'RouteQualityProcessorTests.testCleanStraightRouteRemainsUnchanged' passed (0.0 seconds)
Test Case 'RouteQualityProcessorTests.testCoordinateDerivedRouteUsesBulkNativeSteps' started at 2026-09-23 03:29:41.085
Test Case 'RouteQualityProcessorTests.testCoordinateDerivedRouteUsesBulkNativeSteps' passed (0.0 seconds)
Test Case 'RouteQualityProcessorTests.testDuplicateCoordinatesProduceZeroStepDistance' started at 2026-09-23 03:29:41.085
Test Case 'RouteQualityProcessorTests.testDuplicateCoordinatesProduceZeroStepDistance' passed (0.0 seconds)
Test Case 'RouteQualityProcessorTests.testExplicitRouteSegmentBoundaryIsPreservedWithoutDuplicateInference' started at 2026-09-23 03:29:41.085
Test Case 'RouteQualityProcessorTests.testExplicitRouteSegmentBoundaryIsPreservedWithoutDuplicateInference' passed (0.0 seconds)
Test Case 'RouteQualityProcessorTests.testFirstAndLastAnomaliesAreRetainedConservatively' started at 2026-09-23 03:29:41.085
Test Case 'RouteQualityProcessorTests.testFirstAndLastAnomaliesAreRetainedConservatively' passed (0.0 seconds)
Test Case 'RouteQualityProcessorTests.testFullySuppliedDistanceRouteSkipsNativeStepDependency' started at 2026-09-23 03:29:41.085
Test Case 'RouteQualityProcessorTests.testFullySuppliedDistanceRouteSkipsNativeStepDependency' passed (0.0 seconds)
Test Case 'RouteQualityProcessorTests.testHeartRateAndCadenceRemainSourceValues' started at 2026-09-23 03:29:41.085
Test Case 'RouteQualityProcessorTests.testHeartRateAndCadenceRemainSourceValues' passed (0.0 seconds)
Test Case 'RouteQualityProcessorTests.testHundredThousandPointRouteCompletesWithinLinearTimeBudget' started at 2026-09-23 03:29:41.085
Test Case 'RouteQualityProcessorTests.testHundredThousandPointRouteCompletesWithinLinearTimeBudget' passed (0.719 seconds)
Test Case 'RouteQualityProcessorTests.testImpossibleDerivedSpeedFromSuppliedDistanceRemainsUnavailable' started at 2026-09-23 03:29:41.805
Test Case 'RouteQualityProcessorTests.testImpossibleDerivedSpeedFromSuppliedDistanceRemainsUnavailable' passed (0.0 seconds)
Test Case 'RouteQualityProcessorTests.testImpossibleSourceSpeedAndItsPaceAreRejectedButLegitimateSprintIsPreserved' started at 2026-09-23 03:29:41.805
Test Case 'RouteQualityProcessorTests.testImpossibleSourceSpeedAndItsPaceAreRejectedButLegitimateSprintIsPreserved' passed (0.0 seconds)
Test Case 'RouteQualityProcessorTests.testInferredGapPreservesMixedDistanceProvenanceBySourceSegment' started at 2026-09-23 03:29:41.805
Test Case 'RouteQualityProcessorTests.testInferredGapPreservesMixedDistanceProvenanceBySourceSegment' passed (0.0 seconds)
Test Case 'RouteQualityProcessorTests.testInferredGapStillUsesCoordinateDerivedNativeSteps' started at 2026-09-23 03:29:41.805
Test Case 'RouteQualityProcessorTests.testInferredGapStillUsesCoordinateDerivedNativeSteps' passed (0.0 seconds)
Test Case 'RouteQualityProcessorTests.testInternallyCoherentHighSpeedSamplesRemain' started at 2026-09-23 03:29:41.806
Test Case 'RouteQualityProcessorTests.testInternallyCoherentHighSpeedSamplesRemain' passed (0.0 seconds)
Test Case 'RouteQualityProcessorTests.testInvalidCoordinatesRemovedBeforeDistanceNormalization' started at 2026-09-23 03:29:41.806
Test Case 'RouteQualityProcessorTests.testInvalidCoordinatesRemovedBeforeDistanceNormalization' passed (0.1 seconds)
Test Case 'RouteQualityProcessorTests.testIsolatedTeleportIsRemovedWithoutAccuracyData' started at 2026-09-23 03:29:41.906
Test Case 'RouteQualityProcessorTests.testIsolatedTeleportIsRemovedWithoutAccuracyData' passed (0.0 seconds)
Test Case 'RouteQualityProcessorTests.testIsolatedTeleportWithPoorAccuracyIsRemoved' started at 2026-09-23 03:29:41.906
Test Case 'RouteQualityProcessorTests.testIsolatedTeleportWithPoorAccuracyIsRemoved' passed (0.0 seconds)
Test Case 'RouteQualityProcessorTests.testLongTimestampGapWithCoherentRelocationCreatesBoundary' started at 2026-09-23 03:29:41.906
Test Case 'RouteQualityProcessorTests.testLongTimestampGapWithCoherentRelocationCreatesBoundary' passed (0.0 seconds)
Test Case 'RouteQualityProcessorTests.testLongTimestampGapWithoutGeographicJumpDoesNotCreateBoundary' started at 2026-09-23 03:29:41.907
Test Case 'RouteQualityProcessorTests.testLongTimestampGapWithoutGeographicJumpDoesNotCreateBoundary' passed (0.0 seconds)
Test Case 'RouteQualityProcessorTests.testMalformedCoordinatesAndAltitudesDoNotTrap' started at 2026-09-23 03:29:41.907
Test Case 'RouteQualityProcessorTests.testMalformedCoordinatesAndAltitudesDoNotTrap' passed (0.0 seconds)
Test Case 'RouteQualityProcessorTests.testMixedSuppliedAndCoordinateDerivedSegments' started at 2026-09-23 03:29:41.907
Test Case 'RouteQualityProcessorTests.testMixedSuppliedAndCoordinateDerivedSegments' passed (0.0 seconds)
Test Case 'RouteQualityProcessorTests.testMultipleCoordinateDerivedSegmentsResetAtBoundaries' started at 2026-09-23 03:29:41.907
Test Case 'RouteQualityProcessorTests.testMultipleCoordinateDerivedSegmentsResetAtBoundaries' passed (0.0 seconds)
Test Case 'RouteQualityProcessorTests.testNormalSharpTurnRemainsUnchanged' started at 2026-09-23 03:29:41.907
Test Case 'RouteQualityProcessorTests.testNormalSharpTurnRemainsUnchanged' passed (0.0 seconds)
Test Case 'RouteQualityProcessorTests.testOutAndBackTurnaroundRemainsUnchanged' started at 2026-09-23 03:29:41.907
Test Case 'RouteQualityProcessorTests.testOutAndBackTurnaroundRemainsUnchanged' passed (0.0 seconds)
Test Case 'RouteQualityProcessorTests.testPositiveSourceSpeedOnStationaryIntervalIsDiscarded' started at 2026-09-23 03:29:41.907
Test Case 'RouteQualityProcessorTests.testPositiveSourceSpeedOnStationaryIntervalIsDiscarded' passed (0.0 seconds)
Test Case 'RouteQualityProcessorTests.testRetainedPointIDsStayStableAfterFiltering' started at 2026-09-23 03:29:41.907
Test Case 'RouteQualityProcessorTests.testRetainedPointIDsStayStableAfterFiltering' passed (0.0 seconds)
Test Case 'RouteQualityProcessorTests.testSourceSpeedValidationStillUsesNormalizedDistances' started at 2026-09-23 03:29:41.908
Test Case 'RouteQualityProcessorTests.testSourceSpeedValidationStillUsesNormalizedDistances' passed (0.0 seconds)
Test Case 'RouteQualityProcessorTests.testSparseCadenceRelocatedClusterStillCreatesBoundary' started at 2026-09-23 03:29:41.908
Test Case 'RouteQualityProcessorTests.testSparseCadenceRelocatedClusterStillCreatesBoundary' passed (0.0 seconds)
Test Case 'RouteQualityProcessorTests.testStaleZeroSourceSpeedIsReplacedByDerivedMovementSpeed' started at 2026-09-23 03:29:41.908
Test Case 'RouteQualityProcessorTests.testStaleZeroSourceSpeedIsReplacedByDerivedMovementSpeed' passed (0.101 seconds)
Test Case 'RouteQualityProcessorTests.testSuppliedDistanceSurvivesCoordinateCleanupWhileComputedDistanceExcludesSpike' started at 2026-09-23 03:29:42.008
Test Case 'RouteQualityProcessorTests.testSuppliedDistanceSurvivesCoordinateCleanupWhileComputedDistanceExcludesSpike' passed (0.0 seconds)
Test Case 'RouteQualityProcessorTests.testSustainedRelocatedClusterIntroducesOneCompactBoundary' started at 2026-09-23 03:29:42.009
Test Case 'RouteQualityProcessorTests.testSustainedRelocatedClusterIntroducesOneCompactBoundary' passed (0.0 seconds)
Test Case 'RouteQualityProcessorTests.testUniformSparseCadenceDoesNotCreateFalseBoundaries' started at 2026-09-23 03:29:42.009
Test Case 'RouteQualityProcessorTests.testUniformSparseCadenceDoesNotCreateFalseBoundaries' passed (0.0 seconds)
Test Suite 'RouteQualityProcessorTests' passed at 2026-09-23 03:29:42.009
	 Executed 35 tests, with 0 failures (0 unexpected) in 1.167 (1.167) seconds
Test Suite 'RunPlayEngineBridgeTests' started at 2026-09-23 03:29:42.009
Test Case 'RunPlayEngineBridgeTests.testEngineInfoPreservesCxx23Identifier' started at 2026-09-23 03:29:42.009
Test Case 'RunPlayEngineBridgeTests.testEngineInfoPreservesCxx23Identifier' passed (0.0 seconds)
Test Case 'RunPlayEngineBridgeTests.testEngineInfoReportsABIVersionOne' started at 2026-09-23 03:29:42.009
Test Case 'RunPlayEngineBridgeTests.testEngineInfoReportsABIVersionOne' passed (0.0 seconds)
Test Case 'RunPlayEngineBridgeTests.testRepeatedCallsProduceEqualSwiftValues' started at 2026-09-23 03:29:42.009
Test Case 'RunPlayEngineBridgeTests.testRepeatedCallsProduceEqualSwiftValues' passed (0.0 seconds)
Test Case 'RunPlayEngineBridgeTests.testReturnedValueIsPureSwiftEngineInfo' started at 2026-09-23 03:29:42.009
Test Case 'RunPlayEngineBridgeTests.testReturnedValueIsPureSwiftEngineInfo' passed (0.0 seconds)
Test Suite 'RunPlayEngineBridgeTests' passed at 2026-09-23 03:29:42.009
	 Executed 4 tests, with 0 failures (0 unexpected) in 0.0 (0.0) seconds
Test Suite 'RunPlayGeodesyBridgeTests' started at 2026-09-23 03:29:42.009
Test Case 'RunPlayGeodesyBridgeTests.testBridgeReturnsPureSwiftValues' started at 2026-09-23 03:29:42.009
Test Case 'RunPlayGeodesyBridgeTests.testBridgeReturnsPureSwiftValues' passed (0.0 seconds)
Test Case 'RunPlayGeodesyBridgeTests.testCoordinateValidationAcceptsInclusiveBoundaries' started at 2026-09-23 03:29:42.009
Test Case 'RunPlayGeodesyBridgeTests.testCoordinateValidationAcceptsInclusiveBoundaries' passed (0.0 seconds)
Test Case 'RunPlayGeodesyBridgeTests.testCoordinateValidationMatchesSwiftExactly' started at 2026-09-23 03:29:42.009
Test Case 'RunPlayGeodesyBridgeTests.testCoordinateValidationMatchesSwiftExactly' passed (0.0 seconds)
Test Case 'RunPlayGeodesyBridgeTests.testDistanceMatchesSwiftAcrossDeterministicFixtures' started at 2026-09-23 03:29:42.009
Test Case 'RunPlayGeodesyBridgeTests.testDistanceMatchesSwiftAcrossDeterministicFixtures' passed (0.001 seconds)
Test Case 'RunPlayGeodesyBridgeTests.testEarthRadiusConstantIsUnchanged' started at 2026-09-23 03:29:42.010
Test Case 'RunPlayGeodesyBridgeTests.testEarthRadiusConstantIsUnchanged' passed (0.0 seconds)
Test Case 'RunPlayGeodesyBridgeTests.testExactlyAntipodalNaNLimitationIsPreservedIdentically' started at 2026-09-23 03:29:42.010
Test Case 'RunPlayGeodesyBridgeTests.testExactlyAntipodalNaNLimitationIsPreservedIdentically' passed (0.0 seconds)
Test Case 'RunPlayGeodesyBridgeTests.testInvalidDistanceInputsReturnExactlyZeroInBothImplementations' started at 2026-09-23 03:29:42.010
Test Case 'RunPlayGeodesyBridgeTests.testInvalidDistanceInputsReturnExactlyZeroInBothImplementations' passed (0.0 seconds)
Test Case 'RunPlayGeodesyBridgeTests.testProjectionCentreProducesExactlyZeroInBothImplementations' started at 2026-09-23 03:29:42.011
Test Case 'RunPlayGeodesyBridgeTests.testProjectionCentreProducesExactlyZeroInBothImplementations' passed (0.0 seconds)
Test Case 'RunPlayGeodesyBridgeTests.testProjectionMatchesSwiftAcrossDeterministicFixtures' started at 2026-09-23 03:29:42.011
Test Case 'RunPlayGeodesyBridgeTests.testProjectionMatchesSwiftAcrossDeterministicFixtures' passed (0.002 seconds)
Test Case 'RunPlayGeodesyBridgeTests.testProjectionNonFiniteClassificationMatchesSwift' started at 2026-09-23 03:29:42.013
Test Case 'RunPlayGeodesyBridgeTests.testProjectionNonFiniteClassificationMatchesSwift' passed (0.0 seconds)
Test Suite 'RunPlayGeodesyBridgeTests' passed at 2026-09-23 03:29:42.013
	 Executed 10 tests, with 0 failures (0 unexpected) in 0.004 (0.004) seconds
Test Suite 'RunPlayRouteAlignmentDtwBridgeTests' started at 2026-09-23 03:29:42.013
Test Case 'RunPlayRouteAlignmentDtwBridgeTests.testCancellationIsObservedAroundTheNativeCall' started at 2026-09-23 03:29:42.013
Test Case 'RunPlayRouteAlignmentDtwBridgeTests.testCancellationIsObservedAroundTheNativeCall' passed (0.0 seconds)
Test Case 'RunPlayRouteAlignmentDtwBridgeTests.testEmptyRoutesAreAnInputContractViolation' started at 2026-09-23 03:29:42.013
Test Case 'RunPlayRouteAlignmentDtwBridgeTests.testEmptyRoutesAreAnInputContractViolation' passed (0.0 seconds)
Test Case 'RunPlayRouteAlignmentDtwBridgeTests.testGeneratedFixturesMatchTheSwiftPathOracle' started at 2026-09-23 03:29:42.013
Test Case 'RunPlayRouteAlignmentDtwBridgeTests.testGeneratedFixturesMatchTheSwiftPathOracle' passed (1.29 seconds)
Test Case 'RunPlayRouteAlignmentDtwBridgeTests.testIdenticalSequencesMatchOracle' started at 2026-09-23 03:29:43.303
Test Case 'RunPlayRouteAlignmentDtwBridgeTests.testIdenticalSequencesMatchOracle' passed (0.001 seconds)
Test Case 'RunPlayRouteAlignmentDtwBridgeTests.testMaximumSampleShapeMatchesOracle' started at 2026-09-23 03:29:43.304
Test Case 'RunPlayRouteAlignmentDtwBridgeTests.testMaximumSampleShapeMatchesOracle' passed (0.824 seconds)
Test Case 'RunPlayRouteAlignmentDtwBridgeTests.testNarrowAndWideBandsMatchOracle' started at 2026-09-23 03:29:44.128
Test Case 'RunPlayRouteAlignmentDtwBridgeTests.testNarrowAndWideBandsMatchOracle' passed (0.107 seconds)
Test Case 'RunPlayRouteAlignmentDtwBridgeTests.testNegativePolicyLimitsMapToZero' started at 2026-09-23 03:29:44.235
Test Case 'RunPlayRouteAlignmentDtwBridgeTests.testNegativePolicyLimitsMapToZero' passed (0.001 seconds)
Test Case 'RunPlayRouteAlignmentDtwBridgeTests.testNonFinitePolicyFieldsAreRejected' started at 2026-09-23 03:29:44.236
Test Case 'RunPlayRouteAlignmentDtwBridgeTests.testNonFinitePolicyFieldsAreRejected' passed (0.0 seconds)
Test Case 'RunPlayRouteAlignmentDtwBridgeTests.testNonFiniteRouteMeasurementsAreAnInputContractViolation' started at 2026-09-23 03:29:44.236
Test Case 'RunPlayRouteAlignmentDtwBridgeTests.testNonFiniteRouteMeasurementsAreAnInputContractViolation' passed (0.0 seconds)
Test Case 'RunPlayRouteAlignmentDtwBridgeTests.testPrefixAndSuffixOffsetsMatchOracle' started at 2026-09-23 03:29:44.236
Test Case 'RunPlayRouteAlignmentDtwBridgeTests.testPrefixAndSuffixOffsetsMatchOracle' passed (0.003 seconds)
Test Case 'RunPlayRouteAlignmentDtwBridgeTests.testRepeatedSolvesAreDeterministic' started at 2026-09-23 03:29:44.240
Test Case 'RunPlayRouteAlignmentDtwBridgeTests.testRepeatedSolvesAreDeterministic' passed (0.003 seconds)
Test Case 'RunPlayRouteAlignmentDtwBridgeTests.testResourceLimitAndNoPathCategoriesMatchOracle' started at 2026-09-23 03:29:44.243
Test Case 'RunPlayRouteAlignmentDtwBridgeTests.testResourceLimitAndNoPathCategoriesMatchOracle' passed (0.0 seconds)
Test Case 'RunPlayRouteAlignmentDtwBridgeTests.testSolvedPathIsMonotoneAndInRange' started at 2026-09-23 03:29:44.243
Test Case 'RunPlayRouteAlignmentDtwBridgeTests.testSolvedPathIsMonotoneAndInRange' passed (0.001 seconds)
Test Case 'RunPlayRouteAlignmentDtwBridgeTests.testUnequalSampleCountsMatchOracle' started at 2026-09-23 03:29:44.244
Test Case 'RunPlayRouteAlignmentDtwBridgeTests.testUnequalSampleCountsMatchOracle' passed (0.002 seconds)
Test Case 'RunPlayRouteAlignmentDtwBridgeTests.testUnusualFinitePolicyWeightsMatchOracle' started at 2026-09-23 03:29:44.246
Test Case 'RunPlayRouteAlignmentDtwBridgeTests.testUnusualFinitePolicyWeightsMatchOracle' passed (0.004 seconds)
Test Case 'RunPlayRouteAlignmentDtwBridgeTests.testWarpLimitsMatchOracle' started at 2026-09-23 03:29:44.250
Test Case 'RunPlayRouteAlignmentDtwBridgeTests.testWarpLimitsMatchOracle' passed (0.007 seconds)
Test Suite 'RunPlayRouteAlignmentDtwBridgeTests' passed at 2026-09-23 03:29:44.257
	 Executed 16 tests, with 0 failures (0 unexpected) in 2.244 (2.244) seconds
Test Suite 'RunPlayRouteBridgeTests' started at 2026-09-23 03:29:44.257
Test Case 'RunPlayRouteBridgeTests.testCompletePointPreservesEveryRoutePointField' started at 2026-09-23 03:29:44.257
Test Case 'RunPlayRouteBridgeTests.testCompletePointPreservesEveryRoutePointField' passed (0.0 seconds)
Test Case 'RunPlayRouteBridgeTests.testDuplicateDistanceAcrossSegmentBoundaryPreservesBothPoints' started at 2026-09-23 03:29:44.257
Test Case 'RunPlayRouteBridgeTests.testDuplicateDistanceAcrossSegmentBoundaryPreservesBothPoints' passed (0.0 seconds)
Test Case 'RunPlayRouteBridgeTests.testEmptyRouteHasSuccessfulOffsetBasisInspection' started at 2026-09-23 03:29:44.258
Test Case 'RunPlayRouteBridgeTests.testEmptyRouteHasSuccessfulOffsetBasisInspection' passed (0.0 seconds)
Test Case 'RunPlayRouteBridgeTests.testHundredThousandSampleRouteMatchesIndependentOracle' started at 2026-09-23 03:29:44.258
Test Case 'RunPlayRouteBridgeTests.testHundredThousandSampleRouteMatchesIndependentOracle' passed (0.673 seconds)
Test Case 'RunPlayRouteBridgeTests.testInspectionResultContainsOnlyPureSwiftValues' started at 2026-09-23 03:29:44.931
Test Case 'RunPlayRouteBridgeTests.testInspectionResultContainsOnlyPureSwiftValues' passed (0.0 seconds)
Test Case 'RunPlayRouteBridgeTests.testMissingOptionalsRemainAbsent' started at 2026-09-23 03:29:44.931
Test Case 'RunPlayRouteBridgeTests.testMissingOptionalsRemainAbsent' passed (0.0 seconds)
Test Case 'RunPlayRouteBridgeTests.testMultipleSegmentsPreserveOrderAndCountOnlyTransitions' started at 2026-09-23 03:29:44.931
Test Case 'RunPlayRouteBridgeTests.testMultipleSegmentsPreserveOrderAndCountOnlyTransitions' passed (0.0 seconds)
Test Case 'RunPlayRouteBridgeTests.testNonFiniteAndSignedZeroBitPatternsArePreserved' started at 2026-09-23 03:29:44.931
Test Case 'RunPlayRouteBridgeTests.testNonFiniteAndSignedZeroBitPatternsArePreserved' passed (0.0 seconds)
Test Suite 'RunPlayRouteBridgeTests' passed at 2026-09-23 03:29:44.931
	 Executed 8 tests, with 0 failures (0 unexpected) in 0.674 (0.674) seconds
Test Suite 'RunPlayRouteMetricScaleBucketBridgeTests' started at 2026-09-23 03:29:44.932
Test Case 'RunPlayRouteMetricScaleBucketBridgeTests.testCancellationAtEveryBridgePhase' started at 2026-09-23 03:29:44.932
Test Case 'RunPlayRouteMetricScaleBucketBridgeTests.testCancellationAtEveryBridgePhase' passed (0.0 seconds)
Test Case 'RunPlayRouteMetricScaleBucketBridgeTests.testEmptyInput' started at 2026-09-23 03:29:44.932
Test Case 'RunPlayRouteMetricScaleBucketBridgeTests.testEmptyInput' passed (0.0 seconds)
Test Case 'RunPlayRouteMetricScaleBucketBridgeTests.testFiniteWeightOverflowCoverageIsPositiveInfinity' started at 2026-09-23 03:29:44.932
Test Case 'RunPlayRouteMetricScaleBucketBridgeTests.testFiniteWeightOverflowCoverageIsPositiveInfinity' passed (0.0 seconds)
Test Case 'RunPlayRouteMetricScaleBucketBridgeTests.testInputContractAndPolicyErrors' started at 2026-09-23 03:29:44.932
Test Case 'RunPlayRouteMetricScaleBucketBridgeTests.testInputContractAndPolicyErrors' passed (0.0 seconds)
Test Case 'RunPlayRouteMetricScaleBucketBridgeTests.testNegativeZeroWeightAcceptedAndEchoed' started at 2026-09-23 03:29:44.932
Test Case 'RunPlayRouteMetricScaleBucketBridgeTests.testNegativeZeroWeightAcceptedAndEchoed' passed (0.0 seconds)
Test Case 'RunPlayRouteMetricScaleBucketBridgeTests.testOneThousandFiveHundredDeterministicOracleFixtures' started at 2026-09-23 03:29:44.932
Test Case 'RunPlayRouteMetricScaleBucketBridgeTests.testOneThousandFiveHundredDeterministicOracleFixtures' passed (0.071 seconds)
Test Suite 'RunPlayRouteMetricScaleBucketBridgeTests' passed at 2026-09-23 03:29:45.003
	 Executed 6 tests, with 0 failures (0 unexpected) in 0.071 (0.071) seconds
Test Suite 'RunPlayRouteQualityBridgeTests' started at 2026-09-23 03:29:45.003
Test Case 'RunPlayRouteQualityBridgeTests.testAdjacentCandidatesMatchOracle' started at 2026-09-23 03:29:45.003
Test Case 'RunPlayRouteQualityBridgeTests.testAdjacentCandidatesMatchOracle' passed (0.001 seconds)
Test Case 'RunPlayRouteQualityBridgeTests.testCancellationDuringConversion' started at 2026-09-23 03:29:45.003
Test Case 'RunPlayRouteQualityBridgeTests.testCancellationDuringConversion' passed (0.001 seconds)
Test Case 'RunPlayRouteQualityBridgeTests.testDeterministicPropertyFixtures' started at 2026-09-23 03:29:45.004
Test Case 'RunPlayRouteQualityBridgeTests.testDeterministicPropertyFixtures' passed (0.108 seconds)
Test Case 'RunPlayRouteQualityBridgeTests.testEmptyRoute' started at 2026-09-23 03:29:45.111
Test Case 'RunPlayRouteQualityBridgeTests.testEmptyRoute' passed (0.0 seconds)
Test Case 'RunPlayRouteQualityBridgeTests.testExplicitSegmentsMatchOracle' started at 2026-09-23 03:29:45.112
Test Case 'RunPlayRouteQualityBridgeTests.testExplicitSegmentsMatchOracle' passed (0.0 seconds)
Test Case 'RunPlayRouteQualityBridgeTests.testInferredGapMatchesOracle' started at 2026-09-23 03:29:45.112
Test Case 'RunPlayRouteQualityBridgeTests.testInferredGapMatchesOracle' passed (0.0 seconds)
Test Case 'RunPlayRouteQualityBridgeTests.testIsolatedTeleportMatchesOracle' started at 2026-09-23 03:29:45.112
Test Case 'RunPlayRouteQualityBridgeTests.testIsolatedTeleportMatchesOracle' passed (0.0 seconds)
Test Case 'RunPlayRouteQualityBridgeTests.testRepeatedDeterministicCalls' started at 2026-09-23 03:29:45.112
Test Case 'RunPlayRouteQualityBridgeTests.testRepeatedDeterministicCalls' passed (0.0 seconds)
Test Case 'RunPlayRouteQualityBridgeTests.testStraightRouteMatchesOracle' started at 2026-09-23 03:29:45.112
Test Case 'RunPlayRouteQualityBridgeTests.testStraightRouteMatchesOracle' passed (0.0 seconds)
Test Case 'RunPlayRouteQualityBridgeTests.testSuppliedDistancePoliciesMatchOracle' started at 2026-09-23 03:29:45.113
Test Case 'RunPlayRouteQualityBridgeTests.testSuppliedDistancePoliciesMatchOracle' passed (0.0 seconds)
Test Case 'RunPlayRouteQualityBridgeTests.testUUIDAndOptionalFieldRetention' started at 2026-09-23 03:29:45.113
Test Case 'RunPlayRouteQualityBridgeTests.testUUIDAndOptionalFieldRetention' passed (0.1 seconds)
Test Suite 'RunPlayRouteQualityBridgeTests' passed at 2026-09-23 03:29:45.213
	 Executed 11 tests, with 0 failures (0 unexpected) in 0.21 (0.21) seconds
Test Suite 'RunPlaySegmentDetectorBridgeTests' started at 2026-09-23 03:29:45.213
Test Case 'RunPlaySegmentDetectorBridgeTests.testBridgeHandlesEmptyRoute' started at 2026-09-23 03:29:45.213
Test Case 'RunPlaySegmentDetectorBridgeTests.testBridgeHandlesEmptyRoute' passed (0.0 seconds)
Test Case 'RunPlaySegmentDetectorBridgeTests.testBridgeHandlesSinglePoint' started at 2026-09-23 03:29:45.213
Test Case 'RunPlaySegmentDetectorBridgeTests.testBridgeHandlesSinglePoint' passed (0.0 seconds)
Test Case 'RunPlaySegmentDetectorBridgeTests.testCancellationPropagatesDuringInputConversion' started at 2026-09-23 03:29:45.214
Test Case 'RunPlaySegmentDetectorBridgeTests.testCancellationPropagatesDuringInputConversion' passed (0.0 seconds)
Test Case 'RunPlaySegmentDetectorBridgeTests.testConstantPaceRoute' started at 2026-09-23 03:29:45.214
Test Case 'RunPlaySegmentDetectorBridgeTests.testConstantPaceRoute' passed (0.0 seconds)
Test Case 'RunPlaySegmentDetectorBridgeTests.testDeterministicGeneratedParityFixtures' started at 2026-09-23 03:29:45.214
Test Case 'RunPlaySegmentDetectorBridgeTests.testDeterministicGeneratedParityFixtures' passed (0.614 seconds)
Test Case 'RunPlaySegmentDetectorBridgeTests.testEachInternalSearchRetainsItsOwnEvaluationBudget' started at 2026-09-23 03:29:45.828
Test Case 'RunPlaySegmentDetectorBridgeTests.testEachInternalSearchRetainsItsOwnEvaluationBudget' passed (0.0 seconds)
Test Case 'RunPlaySegmentDetectorBridgeTests.testElevationRoute' started at 2026-09-23 03:29:45.829
Test Case 'RunPlaySegmentDetectorBridgeTests.testElevationRoute' passed (0.0 seconds)
Test Case 'RunPlaySegmentDetectorBridgeTests.testNoElevationWhenDisabled' started at 2026-09-23 03:29:45.829
Test Case 'RunPlaySegmentDetectorBridgeTests.testNoElevationWhenDisabled' passed (0.0 seconds)
Test Case 'RunPlaySegmentDetectorBridgeTests.testPauseSpanningUsesActiveTime' started at 2026-09-23 03:29:45.829
Test Case 'RunPlaySegmentDetectorBridgeTests.testPauseSpanningUsesActiveTime' passed (0.0 seconds)
Test Case 'RunPlaySegmentDetectorBridgeTests.testSameSegmentDistancePlateauMatchesTimelineOracle' started at 2026-09-23 03:29:45.829
Test Case 'RunPlaySegmentDetectorBridgeTests.testSameSegmentDistancePlateauMatchesTimelineOracle' passed (0.0 seconds)
Test Case 'RunPlaySegmentDetectorBridgeTests.testSeparatedReliableElevationRunsRemainValid' started at 2026-09-23 03:29:45.830
Test Case 'RunPlaySegmentDetectorBridgeTests.testSeparatedReliableElevationRunsRemainValid' passed (0.0 seconds)
Test Suite 'RunPlaySegmentDetectorBridgeTests' passed at 2026-09-23 03:29:45.830
	 Executed 11 tests, with 0 failures (0 unexpected) in 0.616 (0.616) seconds
Test Suite 'RunPlayTrainingLoadBridgeTests' started at 2026-09-23 03:29:45.830
Test Case 'RunPlayTrainingLoadBridgeTests.testCancellationBeforeConversionThrows' started at 2026-09-23 03:29:45.830
Test Case 'RunPlayTrainingLoadBridgeTests.testCancellationBeforeConversionThrows' passed (0.0 seconds)
Test Case 'RunPlayTrainingLoadBridgeTests.testEmptyInput' started at 2026-09-23 03:29:45.830
Test Case 'RunPlayTrainingLoadBridgeTests.testEmptyInput' passed (0.0 seconds)
Test Case 'RunPlayTrainingLoadBridgeTests.testFemaleCoefficients' started at 2026-09-23 03:29:45.830
Test Case 'RunPlayTrainingLoadBridgeTests.testFemaleCoefficients' passed (0.0 seconds)
Test Case 'RunPlayTrainingLoadBridgeTests.testInputContractErrors' started at 2026-09-23 03:29:45.830
Test Case 'RunPlayTrainingLoadBridgeTests.testInputContractErrors' passed (0.0 seconds)
Test Case 'RunPlayTrainingLoadBridgeTests.testMixedIntervalsAndGapParity' started at 2026-09-23 03:29:45.830
Test Case 'RunPlayTrainingLoadBridgeTests.testMixedIntervalsAndGapParity' passed (0.0 seconds)
Test Case 'RunPlayTrainingLoadBridgeTests.testOneNativeCallPerPass' started at 2026-09-23 03:29:45.830
Test Case 'RunPlayTrainingLoadBridgeTests.testOneNativeCallPerPass' passed (0.0 seconds)
Test Case 'RunPlayTrainingLoadBridgeTests.testPolicyErrors' started at 2026-09-23 03:29:45.830
Test Case 'RunPlayTrainingLoadBridgeTests.testPolicyErrors' passed (0.0 seconds)
Test Case 'RunPlayTrainingLoadBridgeTests.testReserveClampingParity' started at 2026-09-23 03:29:45.830
Test Case 'RunPlayTrainingLoadBridgeTests.testReserveClampingParity' passed (0.0 seconds)
Test Case 'RunPlayTrainingLoadBridgeTests.testSingleIntervalParity' started at 2026-09-23 03:29:45.830
Test Case 'RunPlayTrainingLoadBridgeTests.testSingleIntervalParity' passed (0.0 seconds)
Test Suite 'RunPlayTrainingLoadBridgeTests' passed at 2026-09-23 03:29:45.830
	 Executed 9 tests, with 0 failures (0 unexpected) in 0.001 (0.001) seconds
Test Suite 'SegmentDetectorBenchmark' started at 2026-09-23 03:29:45.830
Test Case 'SegmentDetectorBenchmark.testSegmentDetectorBenchmark' started at 2026-09-23 03:29:45.830
/__w/runplay-studio/runplay-studio/RunPlayCore/Tests/RunPlayCoreTests/SegmentDetectorBenchmark.swift:16: SegmentDetectorBenchmark.testSegmentDetectorBenchmark : Test skipped: required false value but got true - Set RUNPLAY_BENCHMARK=1 to run the release benchmark.
Test Case 'SegmentDetectorBenchmark.testSegmentDetectorBenchmark' skipped (0.0 seconds)
Test Suite 'SegmentDetectorBenchmark' passed at 2026-09-23 03:29:45.830
	 Executed 1 test, with 1 test skipped and 0 failures (0 unexpected) in 0.0 (0.0) seconds
Test Suite 'SegmentDetectorParityTests' started at 2026-09-23 03:29:45.831
Test Case 'SegmentDetectorParityTests.testEndToEndHighlightsMatchSwiftOracle' started at 2026-09-23 03:29:45.831
Test Case 'SegmentDetectorParityTests.testEndToEndHighlightsMatchSwiftOracle' passed (0.004 seconds)
Test Case 'SegmentDetectorParityTests.testGeneratedFixtureMatrixCoversRequiredRouteFamilies' started at 2026-09-23 03:29:45.834
Test Case 'SegmentDetectorParityTests.testGeneratedFixtureMatrixCoversRequiredRouteFamilies' passed (0.264 seconds)
Test Case 'SegmentDetectorParityTests.testOneThousandGeneratedEndToEndHighlightsMatchSwiftOracle' started at 2026-09-23 03:29:46.098
Test Case 'SegmentDetectorParityTests.testOneThousandGeneratedEndToEndHighlightsMatchSwiftOracle' passed (0.908 seconds)
Test Suite 'SegmentDetectorParityTests' passed at 2026-09-23 03:29:47.006
	 Executed 3 tests, with 0 failures (0 unexpected) in 1.175 (1.175) seconds
Test Suite 'TCXRouteContinuityTests' started at 2026-09-23 03:29:47.006
Test Case 'TCXRouteContinuityTests.testFastMiddleDistanceBoundaryRemainsContinuous' started at 2026-09-23 03:29:47.006
Test Case 'TCXRouteContinuityTests.testFastMiddleDistanceBoundaryRemainsContinuous' passed (0.0 seconds)
Test Case 'TCXRouteContinuityTests.testFirstPointIsContinuous' started at 2026-09-23 03:29:47.006
Test Case 'TCXRouteContinuityTests.testFirstPointIsContinuous' passed (0.0 seconds)
Test Case 'TCXRouteContinuityTests.testForcedRelocationIsDiscontinuous' started at 2026-09-23 03:29:47.006
Test Case 'TCXRouteContinuityTests.testForcedRelocationIsDiscontinuous' passed (0.0 seconds)
Test Case 'TCXRouteContinuityTests.testForcedTimeGapIsDiscontinuous' started at 2026-09-23 03:29:47.006
Test Case 'TCXRouteContinuityTests.testForcedTimeGapIsDiscontinuous' passed (0.0 seconds)
Test Case 'TCXRouteContinuityTests.testSeamlessBoundaryRemainsContinuous' started at 2026-09-23 03:29:47.006
Test Case 'TCXRouteContinuityTests.testSeamlessBoundaryRemainsContinuous' passed (0.0 seconds)
Test Case 'TCXRouteContinuityTests.testSlowMiddleDistanceBoundaryIsDiscontinuous' started at 2026-09-23 03:29:47.006
Test Case 'TCXRouteContinuityTests.testSlowMiddleDistanceBoundaryIsDiscontinuous' passed (0.0 seconds)
Test Case 'TCXRouteContinuityTests.testSparseSmallStepBoundaryRemainsContinuous' started at 2026-09-23 03:29:47.006
Test Case 'TCXRouteContinuityTests.testSparseSmallStepBoundaryRemainsContinuous' passed (0.0 seconds)
Test Suite 'TCXRouteContinuityTests' passed at 2026-09-23 03:29:47.006
	 Executed 7 tests, with 0 failures (0 unexpected) in 0.0 (0.0) seconds
Test Suite 'TrainingLoadBackfillTests' started at 2026-09-23 03:29:47.006
Test Case 'TrainingLoadBackfillTests.testBackfillFillsMissingAndSkipsCurrent' started at 2026-09-23 03:29:47.006
Test Case 'TrainingLoadBackfillTests.testBackfillFillsMissingAndSkipsCurrent' passed (0.006 seconds)
Test Case 'TrainingLoadBackfillTests.testCancellationKeepsCompletedWorkAndResumes' started at 2026-09-23 03:29:47.013
Test Case 'TrainingLoadBackfillTests.testCancellationKeepsCompletedWorkAndResumes' passed (0.012 seconds)
Test Case 'TrainingLoadBackfillTests.testEmptyLibraryPassesCleanly' started at 2026-09-23 03:29:47.024
Test Case 'TrainingLoadBackfillTests.testEmptyLibraryPassesCleanly' passed (0.0 seconds)
Test Case 'TrainingLoadBackfillTests.testHeartRatelessRunBackfillsAsEstimated' started at 2026-09-23 03:29:47.024
Test Case 'TrainingLoadBackfillTests.testHeartRatelessRunBackfillsAsEstimated' passed (0.004 seconds)
Test Case 'TrainingLoadBackfillTests.testProfileChangeMakesLoadsStaleAndRecomputeCorrects' started at 2026-09-23 03:29:47.029
Test Case 'TrainingLoadBackfillTests.testProfileChangeMakesLoadsStaleAndRecomputeCorrects' passed (0.006 seconds)
Test Case 'TrainingLoadBackfillTests.testSecondPassIsIdempotent' started at 2026-09-23 03:29:47.035
Test Case 'TrainingLoadBackfillTests.testSecondPassIsIdempotent' passed (0.005 seconds)
Test Suite 'TrainingLoadBackfillTests' passed at 2026-09-23 03:29:47.040
	 Executed 6 tests, with 0 failures (0 unexpected) in 0.033 (0.033) seconds
Test Suite 'TrainingLoadCalculatorTests' started at 2026-09-23 03:29:47.040
Test Case 'TrainingLoadCalculatorTests.testDurationOnlyEstimateWithoutUsablePace' started at 2026-09-23 03:29:47.040
Test Case 'TrainingLoadCalculatorTests.testDurationOnlyEstimateWithoutUsablePace' passed (0.0 seconds)
Test Case 'TrainingLoadCalculatorTests.testFemaleCoefficientsFlowThroughEstimate' started at 2026-09-23 03:29:47.040
Test Case 'TrainingLoadCalculatorTests.testFemaleCoefficientsFlowThroughEstimate' passed (0.0 seconds)
Test Case 'TrainingLoadCalculatorTests.testHRGapWithinSegmentCountsAsCoveredOnly' started at 2026-09-23 03:29:47.040
Test Case 'TrainingLoadCalculatorTests.testHRGapWithinSegmentCountsAsCoveredOnly' passed (0.0 seconds)
Test Case 'TrainingLoadCalculatorTests.testMeasuredPassMakesOneNativeCallEstimatedMakesNone' started at 2026-09-23 03:29:47.040
Test Case 'TrainingLoadCalculatorTests.testMeasuredPassMakesOneNativeCallEstimatedMakesNone' passed (0.0 seconds)
Test Case 'TrainingLoadCalculatorTests.testMeasuredSteadyRun' started at 2026-09-23 03:29:47.040
Test Case 'TrainingLoadCalculatorTests.testMeasuredSteadyRun' passed (0.0 seconds)
Test Case 'TrainingLoadCalculatorTests.testPaceDurationEstimateBands' started at 2026-09-23 03:29:47.040
Test Case 'TrainingLoadCalculatorTests.testPaceDurationEstimateBands' passed (0.0 seconds)
Test Case 'TrainingLoadCalculatorTests.testPauseSpanningSegmentsAddsNoWeight' started at 2026-09-23 03:29:47.041
Test Case 'TrainingLoadCalculatorTests.testPauseSpanningSegmentsAddsNoWeight' passed (0.0 seconds)
Test Case 'TrainingLoadCalculatorTests.testShortRunFallsBackToEstimate' started at 2026-09-23 03:29:47.041
Test Case 'TrainingLoadCalculatorTests.testShortRunFallsBackToEstimate' passed (0.0 seconds)
Test Case 'TrainingLoadCalculatorTests.testSparseHRFallsBackToEstimate' started at 2026-09-23 03:29:47.041
Test Case 'TrainingLoadCalculatorTests.testSparseHRFallsBackToEstimate' passed (0.0 seconds)
Test Case 'TrainingLoadCalculatorTests.testStalenessFollowsProfileSignature' started at 2026-09-23 03:29:47.041
Test Case 'TrainingLoadCalculatorTests.testStalenessFollowsProfileSignature' passed (0.0 seconds)
Test Suite 'TrainingLoadCalculatorTests' passed at 2026-09-23 03:29:47.041
	 Executed 10 tests, with 0 failures (0 unexpected) in 0.002 (0.002) seconds
Test Suite 'TrainingLoadRollupTests' started at 2026-09-23 03:29:47.041
Test Case 'TrainingLoadRollupTests.testConstantLoadMatchesClosedForm' started at 2026-09-23 03:29:47.041
Test Case 'TrainingLoadRollupTests.testConstantLoadMatchesClosedForm' passed (0.0 seconds)
Test Case 'TrainingLoadRollupTests.testDefaultConstantsMatchBanisterConventions' started at 2026-09-23 03:29:47.041
Test Case 'TrainingLoadRollupTests.testDefaultConstantsMatchBanisterConventions' passed (0.0 seconds)
Test Case 'TrainingLoadRollupTests.testEmptyContributionsProduceEmptySeries' started at 2026-09-23 03:29:47.041
Test Case 'TrainingLoadRollupTests.testEmptyContributionsProduceEmptySeries' passed (0.0 seconds)
Test Case 'TrainingLoadRollupTests.testHRCoverageFraction' started at 2026-09-23 03:29:47.041
Test Case 'TrainingLoadRollupTests.testHRCoverageFraction' passed (0.0 seconds)
Test Case 'TrainingLoadRollupTests.testMidSeriesHRlessDaysAreZeroContributionNotZeroLoad' started at 2026-09-23 03:29:47.042
Test Case 'TrainingLoadRollupTests.testMidSeriesHRlessDaysAreZeroContributionNotZeroLoad' passed (0.0 seconds)
Test Case 'TrainingLoadRollupTests.testMissingSnapshotsAreHonestGaps' started at 2026-09-23 03:29:47.042
Test Case 'TrainingLoadRollupTests.testMissingSnapshotsAreHonestGaps' passed (0.0 seconds)
Test Case 'TrainingLoadRollupTests.testMixedDayIsHRDayWithMeasuredLoadOnly' started at 2026-09-23 03:29:47.042
Test Case 'TrainingLoadRollupTests.testMixedDayIsHRDayWithMeasuredLoadOnly' passed (0.0 seconds)
Test Case 'TrainingLoadRollupTests.testRecordedOffsetHonoursLocalDay' started at 2026-09-23 03:29:47.042
Test Case 'TrainingLoadRollupTests.testRecordedOffsetHonoursLocalDay' passed (0.0 seconds)
Test Case 'TrainingLoadRollupTests.testSameDayRunsSumTheirLoads' started at 2026-09-23 03:29:47.042
Test Case 'TrainingLoadRollupTests.testSameDayRunsSumTheirLoads' passed (0.0 seconds)
Test Case 'TrainingLoadRollupTests.testTimeConstantChangesShape' started at 2026-09-23 03:29:47.042
Test Case 'TrainingLoadRollupTests.testTimeConstantChangesShape' passed (0.0 seconds)
Test Suite 'TrainingLoadRollupTests' passed at 2026-09-23 03:29:47.043
	 Executed 10 tests, with 0 failures (0 unexpected) in 0.001 (0.001) seconds
Test Suite 'WorkoutArchiveCSVParserTests' started at 2026-09-23 03:29:47.043
Test Case 'WorkoutArchiveCSVParserTests.testCancellation' started at 2026-09-23 03:29:47.043
Test Case 'WorkoutArchiveCSVParserTests.testCancellation' passed (0.0 seconds)
Test Case 'WorkoutArchiveCSVParserTests.testCandidateIDsRemainDistinctForDuplicateProviderIDs' started at 2026-09-23 03:29:47.043
Test Case 'WorkoutArchiveCSVParserTests.testCandidateIDsRemainDistinctForDuplicateProviderIDs' passed (0.0 seconds)
Test Case 'WorkoutArchiveCSVParserTests.testEmbeddedNewlineInQuotes' started at 2026-09-23 03:29:47.043
Test Case 'WorkoutArchiveCSVParserTests.testEmbeddedNewlineInQuotes' passed (0.0 seconds)
Test Case 'WorkoutArchiveCSVParserTests.testEmptyFields' started at 2026-09-23 03:29:47.043
Test Case 'WorkoutArchiveCSVParserTests.testEmptyFields' passed (0.0 seconds)
Test Case 'WorkoutArchiveCSVParserTests.testMalformedQuotation' started at 2026-09-23 03:29:47.043
Test Case 'WorkoutArchiveCSVParserTests.testMalformedQuotation' passed (0.0 seconds)
Test Case 'WorkoutArchiveCSVParserTests.testMissingFilenameColumn' started at 2026-09-23 03:29:47.043
Test Case 'WorkoutArchiveCSVParserTests.testMissingFilenameColumn' passed (0.0 seconds)
Test Case 'WorkoutArchiveCSVParserTests.testOversizedField' started at 2026-09-23 03:29:47.044
Test Case 'WorkoutArchiveCSVParserTests.testOversizedField' passed (0.0 seconds)
Test Case 'WorkoutArchiveCSVParserTests.testPathMatchExactAndCaseInsensitiveAndAmbiguous' started at 2026-09-23 03:29:47.044
Test Case 'WorkoutArchiveCSVParserTests.testPathMatchExactAndCaseInsensitiveAndAmbiguous' passed (0.0 seconds)
Test Case 'WorkoutArchiveCSVParserTests.testPathMatchRejectsDuplicateExactEntries' started at 2026-09-23 03:29:47.044
Test Case 'WorkoutArchiveCSVParserTests.testPathMatchRejectsDuplicateExactEntries' passed (0.0 seconds)
Test Case 'WorkoutArchiveCSVParserTests.testPathTraversalRejected' started at 2026-09-23 03:29:47.044
Test Case 'WorkoutArchiveCSVParserTests.testPathTraversalRejected' passed (0.0 seconds)
Test Case 'WorkoutArchiveCSVParserTests.testQuotedCommasAndEscapedQuotes' started at 2026-09-23 03:29:47.044
Test Case 'WorkoutArchiveCSVParserTests.testQuotedCommasAndEscapedQuotes' passed (0.0 seconds)
Test Case 'WorkoutArchiveCSVParserTests.testReorderedAndUnknownColumns' started at 2026-09-23 03:29:47.044
Test Case 'WorkoutArchiveCSVParserTests.testReorderedAndUnknownColumns' passed (0.0 seconds)
Test Case 'WorkoutArchiveCSVParserTests.testUTF8BOMAndCRLF' started at 2026-09-23 03:29:47.044
Test Case 'WorkoutArchiveCSVParserTests.testUTF8BOMAndCRLF' passed (0.001 seconds)
Test Suite 'WorkoutArchiveCSVParserTests' passed at 2026-09-23 03:29:47.046
	 Executed 13 tests, with 0 failures (0 unexpected) in 0.003 (0.003) seconds
Test Suite 'WorkoutDataImporterTests' started at 2026-09-23 03:29:47.046
Test Case 'WorkoutDataImporterTests.testJSONURLAndDataPathsEquivalent' started at 2026-09-23 03:29:47.046
Test Case 'WorkoutDataImporterTests.testJSONURLAndDataPathsEquivalent' passed (0.002 seconds)
Test Case 'WorkoutDataImporterTests.testProvenanceDecodesFromLegacySnapshots' started at 2026-09-23 03:29:47.048
Test Case 'WorkoutDataImporterTests.testProvenanceDecodesFromLegacySnapshots' passed (0.0 seconds)
Test Case 'WorkoutDataImporterTests.testUnsupportedExtension' started at 2026-09-23 03:29:47.048
Test Case 'WorkoutDataImporterTests.testUnsupportedExtension' passed (0.0 seconds)
Test Suite 'WorkoutDataImporterTests' passed at 2026-09-23 03:29:47.048
	 Executed 3 tests, with 0 failures (0 unexpected) in 0.003 (0.003) seconds
Test Suite 'WorkoutDateTextTests' started at 2026-09-23 03:29:47.048
Test Case 'WorkoutDateTextTests.testDisplayNameFallsBackToMediumDateShortTime' started at 2026-09-23 03:29:47.048
Test Case 'WorkoutDateTextTests.testDisplayNameFallsBackToMediumDateShortTime' passed (0.0 seconds)
Test Case 'WorkoutDateTextTests.testDisplayNameIgnoresEmptyMetadataName' started at 2026-09-23 03:29:47.049
Test Case 'WorkoutDateTextTests.testDisplayNameIgnoresEmptyMetadataName' passed (0.0 seconds)
Test Case 'WorkoutDateTextTests.testDisplayNameIsStableAcrossRepeatedAccess' started at 2026-09-23 03:29:47.049
Test Case 'WorkoutDateTextTests.testDisplayNameIsStableAcrossRepeatedAccess' passed (0.0 seconds)
Test Case 'WorkoutDateTextTests.testDisplayNamePrefersMetadataName' started at 2026-09-23 03:29:47.049
Test Case 'WorkoutDateTextTests.testDisplayNamePrefersMetadataName' passed (0.0 seconds)
Test Case 'WorkoutDateTextTests.testDisplayNameWithoutNameOrDateIsUntitled' started at 2026-09-23 03:29:47.049
Test Case 'WorkoutDateTextTests.testDisplayNameWithoutNameOrDateIsUntitled' passed (0.0 seconds)
Test Case 'WorkoutDateTextTests.testExportCardDateTextUsesLongDateShortTime' started at 2026-09-23 03:29:47.049
Test Case 'WorkoutDateTextTests.testExportCardDateTextUsesLongDateShortTime' passed (0.0 seconds)
Test Case 'WorkoutDateTextTests.testExportCardDateTextWithoutStartDateIsUnknown' started at 2026-09-23 03:29:47.050
Test Case 'WorkoutDateTextTests.testExportCardDateTextWithoutStartDateIsUnknown' passed (0.0 seconds)
Test Case 'WorkoutDateTextTests.testExportCardTitleAndDateTextUseDistinctSources' started at 2026-09-23 03:29:47.050
Test Case 'WorkoutDateTextTests.testExportCardTitleAndDateTextUseDistinctSources' passed (0.0 seconds)
Test Suite 'WorkoutDateTextTests' passed at 2026-09-23 03:29:47.050
	 Executed 8 tests, with 0 failures (0 unexpected) in 0.002 (0.002) seconds
Test Suite 'WorkoutImportResourceLimitsTests' started at 2026-09-23 03:29:47.050
Test Case 'WorkoutImportResourceLimitsTests.testBoundedReaderAcceptsPayloadExactlyAtLimit' started at 2026-09-23 03:29:47.050
Test Case 'WorkoutImportResourceLimitsTests.testBoundedReaderAcceptsPayloadExactlyAtLimit' passed (0.001 seconds)
Test Case 'WorkoutImportResourceLimitsTests.testBoundedReaderRejectsPayloadOverLimit' started at 2026-09-23 03:29:47.051
Test Case 'WorkoutImportResourceLimitsTests.testBoundedReaderRejectsPayloadOverLimit' passed (0.001 seconds)
Test Case 'WorkoutImportResourceLimitsTests.testEngineCeilingKeepsDocumentedMarginOverProductLimit' started at 2026-09-23 03:29:47.051
Test Case 'WorkoutImportResourceLimitsTests.testEngineCeilingKeepsDocumentedMarginOverProductLimit' passed (0.0 seconds)
Test Case 'WorkoutImportResourceLimitsTests.testFITLimitsDeriveFromTheSharedPolicy' started at 2026-09-23 03:29:47.051
Test Case 'WorkoutImportResourceLimitsTests.testFITLimitsDeriveFromTheSharedPolicy' passed (0.1 seconds)
Test Case 'WorkoutImportResourceLimitsTests.testGPXAcceptsRouteExactlyAtLimit' started at 2026-09-23 03:29:47.152
Test Case 'WorkoutImportResourceLimitsTests.testGPXAcceptsRouteExactlyAtLimit' passed (0.002 seconds)
Test Case 'WorkoutImportResourceLimitsTests.testGPXRejectsRouteBeyondLimitAndStopsParsing' started at 2026-09-23 03:29:47.154
Test Case 'WorkoutImportResourceLimitsTests.testGPXRejectsRouteBeyondLimitAndStopsParsing' passed (0.001 seconds)
Test Case 'WorkoutImportResourceLimitsTests.testInMemoryImportRejectsOversizedPayload' started at 2026-09-23 03:29:47.154
Test Case 'WorkoutImportResourceLimitsTests.testInMemoryImportRejectsOversizedPayload' passed (0.045 seconds)
Test Case 'WorkoutImportResourceLimitsTests.testJSONAcceptsRouteExactlyAtLimit' started at 2026-09-23 03:29:47.199
Test Case 'WorkoutImportResourceLimitsTests.testJSONAcceptsRouteExactlyAtLimit' passed (0.001 seconds)
Test Case 'WorkoutImportResourceLimitsTests.testJSONRejectsDecodedRouteBeyondLimit' started at 2026-09-23 03:29:47.201
Test Case 'WorkoutImportResourceLimitsTests.testJSONRejectsDecodedRouteBeyondLimit' passed (0.001 seconds)
Test Case 'WorkoutImportResourceLimitsTests.testProductLimitsAreTheDocumentedValues' started at 2026-09-23 03:29:47.202
Test Case 'WorkoutImportResourceLimitsTests.testProductLimitsAreTheDocumentedValues' passed (0.0 seconds)
Test Case 'WorkoutImportResourceLimitsTests.testResourceLimitErrorMessageStatesTheLimit' started at 2026-09-23 03:29:47.202
Test Case 'WorkoutImportResourceLimitsTests.testResourceLimitErrorMessageStatesTheLimit' passed (0.0 seconds)
Test Case 'WorkoutImportResourceLimitsTests.testRouteProcessorAcceptsRouteAtTheLimitBoundary' started at 2026-09-23 03:29:47.202
Test Case 'WorkoutImportResourceLimitsTests.testRouteProcessorAcceptsRouteAtTheLimitBoundary' passed (0.0 seconds)
Test Case 'WorkoutImportResourceLimitsTests.testRouteProcessorPreflightRejectsOversizedRouteAtTheRealLimit' started at 2026-09-23 03:29:47.202
Test Case 'WorkoutImportResourceLimitsTests.testRouteProcessorPreflightRejectsOversizedRouteAtTheRealLimit' passed (4.25 seconds)
Test Case 'WorkoutImportResourceLimitsTests.testTCXAcceptsActivityExactlyAtLimit' started at 2026-09-23 03:29:51.452
Test Case 'WorkoutImportResourceLimitsTests.testTCXAcceptsActivityExactlyAtLimit' passed (0.102 seconds)
Test Case 'WorkoutImportResourceLimitsTests.testTCXRejectsSelectedActivityBeyondLimit' started at 2026-09-23 03:29:51.554
Test Case 'WorkoutImportResourceLimitsTests.testTCXRejectsSelectedActivityBeyondLimit' passed (0.001 seconds)
Test Case 'WorkoutImportResourceLimitsTests.testValidatorsAcceptTheLimitAndRejectOneMore' started at 2026-09-23 03:29:51.555
Test Case 'WorkoutImportResourceLimitsTests.testValidatorsAcceptTheLimitAndRejectOneMore' passed (0.0 seconds)
Test Suite 'WorkoutImportResourceLimitsTests' passed at 2026-09-23 03:29:51.555
	 Executed 16 tests, with 0 failures (0 unexpected) in 4.505 (4.505) seconds
Test Suite 'WorkoutImportServiceTests' started at 2026-09-23 03:29:51.555
Test Case 'WorkoutImportServiceTests.testParseFailurePropagates' started at 2026-09-23 03:29:51.555
Test Case 'WorkoutImportServiceTests.testParseFailurePropagates' passed (0.0 seconds)
Test Case 'WorkoutImportServiceTests.testParseRunsOffMainThread' started at 2026-09-23 03:29:51.556
Test Case 'WorkoutImportServiceTests.testParseRunsOffMainThread' passed (0.002 seconds)
Test Case 'WorkoutImportServiceTests.testSuccessfulImport' started at 2026-09-23 03:29:51.557
Test Case 'WorkoutImportServiceTests.testSuccessfulImport' passed (0.001 seconds)
Test Suite 'WorkoutImportServiceTests' passed at 2026-09-23 03:29:51.559
	 Executed 3 tests, with 0 failures (0 unexpected) in 0.003 (0.003) seconds
Test Suite 'WorkoutLibraryBatchTests' started at 2026-09-23 03:29:51.559
Test Case 'WorkoutLibraryBatchTests.testBatchStagesThenOneManifestWrite' started at 2026-09-23 03:29:51.559
Test Case 'WorkoutLibraryBatchTests.testBatchStagesThenOneManifestWrite' passed (0.002 seconds)
Test Case 'WorkoutLibraryBatchTests.testConcurrentBatchConflict' started at 2026-09-23 03:29:51.561
Test Case 'WorkoutLibraryBatchTests.testConcurrentBatchConflict' passed (0.0 seconds)
Test Case 'WorkoutLibraryBatchTests.testDuplicateIDInBatchRejected' started at 2026-09-23 03:29:51.561
Test Case 'WorkoutLibraryBatchTests.testDuplicateIDInBatchRejected' passed (0.001 seconds)
Test Case 'WorkoutLibraryBatchTests.testEmptyBatchCommitIsNoOp' started at 2026-09-23 03:29:51.562
Test Case 'WorkoutLibraryBatchTests.testEmptyBatchCommitIsNoOp' passed (0.0 seconds)
Test Case 'WorkoutLibraryBatchTests.testRollbackRemovesStaging' started at 2026-09-23 03:29:51.562
Test Case 'WorkoutLibraryBatchTests.testRollbackRemovesStaging' passed (0.001 seconds)
Test Case 'WorkoutLibraryBatchTests.testStaleStagingCleanupOnLoad' started at 2026-09-23 03:29:51.563
Test Case 'WorkoutLibraryBatchTests.testStaleStagingCleanupOnLoad' passed (0.001 seconds)
Test Suite 'WorkoutLibraryBatchTests' passed at 2026-09-23 03:29:51.564
	 Executed 6 tests, with 0 failures (0 unexpected) in 0.006 (0.006) seconds
Test Suite 'WorkoutLibraryManifestTests' started at 2026-09-23 03:29:51.564
Test Case 'WorkoutLibraryManifestTests.testFileStoreLoadsVersion1AndUpgradesOnSave' started at 2026-09-23 03:29:51.564
Test Case 'WorkoutLibraryManifestTests.testFileStoreLoadsVersion1AndUpgradesOnSave' passed (0.004 seconds)
Test Case 'WorkoutLibraryManifestTests.testMigratePromotesSchemaVersion' started at 2026-09-23 03:29:51.569
Test Case 'WorkoutLibraryManifestTests.testMigratePromotesSchemaVersion' passed (0.0 seconds)
Test Case 'WorkoutLibraryManifestTests.testSanitizeRemovesMissingFavorites' started at 2026-09-23 03:29:51.569
Test Case 'WorkoutLibraryManifestTests.testSanitizeRemovesMissingFavorites' passed (0.0 seconds)
Test Case 'WorkoutLibraryManifestTests.testUnsupportedFutureVersionStillRejected' started at 2026-09-23 03:29:51.569
Test Case 'WorkoutLibraryManifestTests.testUnsupportedFutureVersionStillRejected' passed (0.001 seconds)
Test Case 'WorkoutLibraryManifestTests.testVersion1JSONDecodesWithEmptyFavorites' started at 2026-09-23 03:29:51.570
Test Case 'WorkoutLibraryManifestTests.testVersion1JSONDecodesWithEmptyFavorites' passed (0.0 seconds)
Test Case 'WorkoutLibraryManifestTests.testVersion2RoundTripPreservesFavorites' started at 2026-09-23 03:29:51.570
Test Case 'WorkoutLibraryManifestTests.testVersion2RoundTripPreservesFavorites' passed (0.0 seconds)
Test Case 'WorkoutLibraryManifestTests.testVersionZeroStillRejected' started at 2026-09-23 03:29:51.570
Test Case 'WorkoutLibraryManifestTests.testVersionZeroStillRejected' passed (0.001 seconds)
Test Suite 'WorkoutLibraryManifestTests' passed at 2026-09-23 03:29:51.571
	 Executed 7 tests, with 0 failures (0 unexpected) in 0.006 (0.006) seconds
Test Suite 'WorkoutLibraryQueryTests' started at 2026-09-23 03:29:51.571
Test Case 'WorkoutLibraryQueryTests.testCaseInsensitiveSearch' started at 2026-09-23 03:29:51.571
Test Case 'WorkoutLibraryQueryTests.testCaseInsensitiveSearch' passed (0.0 seconds)
Test Case 'WorkoutLibraryQueryTests.testChineseNameSearch' started at 2026-09-23 03:29:51.571
Test Case 'WorkoutLibraryQueryTests.testChineseNameSearch' passed (0.0 seconds)
Test Case 'WorkoutLibraryQueryTests.testCurrentYearFilter' started at 2026-09-23 03:29:51.572
Test Case 'WorkoutLibraryQueryTests.testCurrentYearFilter' passed (0.1 seconds)
Test Case 'WorkoutLibraryQueryTests.testCustomRangeFilter' started at 2026-09-23 03:29:51.672
Test Case 'WorkoutLibraryQueryTests.testCustomRangeFilter' passed (0.0 seconds)
Test Case 'WorkoutLibraryQueryTests.testCustomRangeIncludesFullEndCalendarDay' started at 2026-09-23 03:29:51.672
Test Case 'WorkoutLibraryQueryTests.testCustomRangeIncludesFullEndCalendarDay' passed (0.0 seconds)
Test Case 'WorkoutLibraryQueryTests.testDataFilters' started at 2026-09-23 03:29:51.673
Test Case 'WorkoutLibraryQueryTests.testDataFilters' passed (0.0 seconds)
Test Case 'WorkoutLibraryQueryTests.testDateNewestAndOldest' started at 2026-09-23 03:29:51.673
Test Case 'WorkoutLibraryQueryTests.testDateNewestAndOldest' passed (0.0 seconds)
Test Case 'WorkoutLibraryQueryTests.testDeviceSearch' started at 2026-09-23 03:29:51.673
Test Case 'WorkoutLibraryQueryTests.testDeviceSearch' passed (0.0 seconds)
Test Case 'WorkoutLibraryQueryTests.testDiacriticInsensitiveSearch' started at 2026-09-23 03:29:51.674
Test Case 'WorkoutLibraryQueryTests.testDiacriticInsensitiveSearch' passed (0.0 seconds)
Test Case 'WorkoutLibraryQueryTests.testDistanceSort' started at 2026-09-23 03:29:51.674
Test Case 'WorkoutLibraryQueryTests.testDistanceSort' passed (0.0 seconds)
Test Case 'WorkoutLibraryQueryTests.testEmptySearchMatchesAll' started at 2026-09-23 03:29:51.674
Test Case 'WorkoutLibraryQueryTests.testEmptySearchMatchesAll' passed (0.0 seconds)
Test Case 'WorkoutLibraryQueryTests.testEqualValuesUseDeterministicTieBreak' started at 2026-09-23 03:29:51.674
Test Case 'WorkoutLibraryQueryTests.testEqualValuesUseDeterministicTieBreak' passed (0.1 seconds)
Test Case 'WorkoutLibraryQueryTests.testFavoritesOnlyFilter' started at 2026-09-23 03:29:51.775
Test Case 'WorkoutLibraryQueryTests.testFavoritesOnlyFilter' passed (0.001 seconds)
Test Case 'WorkoutLibraryQueryTests.testLast30DaysFilterUsesInjectedNow' started at 2026-09-23 03:29:51.776
Test Case 'WorkoutLibraryQueryTests.testLast30DaysFilterUsesInjectedNow' passed (0.0 seconds)
Test Case 'WorkoutLibraryQueryTests.testLibraryOrderPreserved' started at 2026-09-23 03:29:51.776
Test Case 'WorkoutLibraryQueryTests.testLibraryOrderPreserved' passed (0.0 seconds)
Test Case 'WorkoutLibraryQueryTests.testMetadataPolicyTrimsAndRejectsOverLimit' started at 2026-09-23 03:29:51.776
Test Case 'WorkoutLibraryQueryTests.testMetadataPolicyTrimsAndRejectsOverLimit' passed (0.0 seconds)
Test Case 'WorkoutLibraryQueryTests.testMultiTermANDAcrossFields' started at 2026-09-23 03:29:51.776
Test Case 'WorkoutLibraryQueryTests.testMultiTermANDAcrossFields' passed (0.0 seconds)
Test Case 'WorkoutLibraryQueryTests.testNameSortUsesDisplayFallback' started at 2026-09-23 03:29:51.777
Test Case 'WorkoutLibraryQueryTests.testNameSortUsesDisplayFallback' passed (0.0 seconds)
Test Case 'WorkoutLibraryQueryTests.testNotesSearch' started at 2026-09-23 03:29:51.777
Test Case 'WorkoutLibraryQueryTests.testNotesSearch' passed (0.0 seconds)
Test Case 'WorkoutLibraryQueryTests.testOriginalFilenameSearch' started at 2026-09-23 03:29:51.777
Test Case 'WorkoutLibraryQueryTests.testOriginalFilenameSearch' passed (0.0 seconds)
Test Case 'WorkoutLibraryQueryTests.testPaceSortPutsInvalidAfterValid' started at 2026-09-23 03:29:51.778
Test Case 'WorkoutLibraryQueryTests.testPaceSortPutsInvalidAfterValid' passed (0.0 seconds)
Test Case 'WorkoutLibraryQueryTests.testQueryCancellation' started at 2026-09-23 03:29:51.778
Test Case 'WorkoutLibraryQueryTests.testQueryCancellation' passed (0.187 seconds)
Test Case 'WorkoutLibraryQueryTests.testQuotedPhraseSearch' started at 2026-09-23 03:29:51.965
Test Case 'WorkoutLibraryQueryTests.testQuotedPhraseSearch' passed (0.0 seconds)
Test Case 'WorkoutLibraryQueryTests.testSearchTermsParseQuotedAndUnquoted' started at 2026-09-23 03:29:51.965
Test Case 'WorkoutLibraryQueryTests.testSearchTermsParseQuotedAndUnquoted' passed (0.0 seconds)
Test Case 'WorkoutLibraryQueryTests.testSidebarBoundsNoDuplicatesAndSelectedOverflow' started at 2026-09-23 03:29:51.965
Test Case 'WorkoutLibraryQueryTests.testSidebarBoundsNoDuplicatesAndSelectedOverflow' passed (0.0 seconds)
Test Case 'WorkoutLibraryQueryTests.testSidebarRecentExcludesFavoritesBeyondFavoriteCap' started at 2026-09-23 03:29:51.966
Test Case 'WorkoutLibraryQueryTests.testSidebarRecentExcludesFavoritesBeyondFavoriteCap' passed (0.0 seconds)
Test Case 'WorkoutLibraryQueryTests.testSortComparatorTransitivitySample' started at 2026-09-23 03:29:51.966
Test Case 'WorkoutLibraryQueryTests.testSortComparatorTransitivitySample' passed (0.001 seconds)
Test Case 'WorkoutLibraryQueryTests.testSourceAndYearSearch' started at 2026-09-23 03:29:51.967
Test Case 'WorkoutLibraryQueryTests.testSourceAndYearSearch' passed (0.0 seconds)
Test Case 'WorkoutLibraryQueryTests.testSourceFilters' started at 2026-09-23 03:29:51.967
Test Case 'WorkoutLibraryQueryTests.testSourceFilters' passed (0.001 seconds)
Test Case 'WorkoutLibraryQueryTests.testStravaProviderSearchableButNotSourceFilter' started at 2026-09-23 03:29:51.968
Test Case 'WorkoutLibraryQueryTests.testStravaProviderSearchableButNotSourceFilter' passed (0.0 seconds)
Test Case 'WorkoutLibraryQueryTests.testTenThousandEntriesQueryWithoutRouteAccess' started at 2026-09-23 03:29:51.968
Test Case 'WorkoutLibraryQueryTests.testTenThousandEntriesQueryWithoutRouteAccess' passed (0.412 seconds)
Test Case 'WorkoutLibraryQueryTests.testWhitespaceOnlySearchMatchesAll' started at 2026-09-23 03:29:52.381
Test Case 'WorkoutLibraryQueryTests.testWhitespaceOnlySearchMatchesAll' passed (0.0 seconds)
Test Suite 'WorkoutLibraryQueryTests' passed at 2026-09-23 03:29:52.381
	 Executed 32 tests, with 0 failures (0 unexpected) in 0.81 (0.81) seconds
Test Suite 'WorkoutLibraryStoreActorTests' started at 2026-09-23 03:29:52.381
Test Case 'WorkoutLibraryStoreActorTests.testAddPropagatesManifestCorruptedError' started at 2026-09-23 03:29:52.381
Test Case 'WorkoutLibraryStoreActorTests.testAddPropagatesManifestCorruptedError' passed (0.0 seconds)
Test Case 'WorkoutLibraryStoreActorTests.testAddRollbackOnManifestFailure' started at 2026-09-23 03:29:52.382
Test Case 'WorkoutLibraryStoreActorTests.testAddRollbackOnManifestFailure' passed (0.0 seconds)
Test Case 'WorkoutLibraryStoreActorTests.testBatchImportPreservesFavorites' started at 2026-09-23 03:29:52.382
Test Case 'WorkoutLibraryStoreActorTests.testBatchImportPreservesFavorites' passed (0.004 seconds)
Test Case 'WorkoutLibraryStoreActorTests.testCancellationBeforeAddWorkoutPersistsNothing' started at 2026-09-23 03:29:52.386
Test Case 'WorkoutLibraryStoreActorTests.testCancellationBeforeAddWorkoutPersistsNothing' passed (0.0 seconds)
Test Case 'WorkoutLibraryStoreActorTests.testConcurrentAdditionsPreserveAllIDs' started at 2026-09-23 03:29:52.386
Test Case 'WorkoutLibraryStoreActorTests.testConcurrentAdditionsPreserveAllIDs' passed (0.014 seconds)
Test Case 'WorkoutLibraryStoreActorTests.testCorruptManifestNotOverwritten' started at 2026-09-23 03:29:52.400
Test Case 'WorkoutLibraryStoreActorTests.testCorruptManifestNotOverwritten' passed (0.001 seconds)
Test Case 'WorkoutLibraryStoreActorTests.testCurrentSnapshotLoadsWithoutRewrite' started at 2026-09-23 03:29:52.401
Test Case 'WorkoutLibraryStoreActorTests.testCurrentSnapshotLoadsWithoutRewrite' passed (0.0 seconds)
Test Case 'WorkoutLibraryStoreActorTests.testDeleteManifestFailureLeavesWorkoutIntact' started at 2026-09-23 03:29:52.401
Test Case 'WorkoutLibraryStoreActorTests.testDeleteManifestFailureLeavesWorkoutIntact' passed (0.002 seconds)
Test Case 'WorkoutLibraryStoreActorTests.testDeleteNonexistentWorkoutReturnsNotInManifest' started at 2026-09-23 03:29:52.403
Test Case 'WorkoutLibraryStoreActorTests.testDeleteNonexistentWorkoutReturnsNotInManifest' passed (0.001 seconds)
Test Case 'WorkoutLibraryStoreActorTests.testDeleteRemovesFavorite' started at 2026-09-23 03:29:52.403
Test Case 'WorkoutLibraryStoreActorTests.testDeleteRemovesFavorite' passed (0.002 seconds)
Test Case 'WorkoutLibraryStoreActorTests.testDeleteTransactionSuccess' started at 2026-09-23 03:29:52.406
Test Case 'WorkoutLibraryStoreActorTests.testDeleteTransactionSuccess' passed (0.003 seconds)
Test Case 'WorkoutLibraryStoreActorTests.testDeleteWithNoManifestReturnsNotInManifest' started at 2026-09-23 03:29:52.409
Test Case 'WorkoutLibraryStoreActorTests.testDeleteWithNoManifestReturnsNotInManifest' passed (0.0 seconds)
Test Case 'WorkoutLibraryStoreActorTests.testDuplicateAddIsIdempotent' started at 2026-09-23 03:29:52.409
Test Case 'WorkoutLibraryStoreActorTests.testDuplicateAddIsIdempotent' passed (0.002 seconds)
Test Case 'WorkoutLibraryStoreActorTests.testEmptyLibraryPreservesTagsAndSmartCollections' started at 2026-09-23 03:29:52.411
Test Case 'WorkoutLibraryStoreActorTests.testEmptyLibraryPreservesTagsAndSmartCollections' passed (0.001 seconds)
Test Case 'WorkoutLibraryStoreActorTests.testLargeWorkoutEncodeDecode' started at 2026-09-23 03:29:52.412
Test Case 'WorkoutLibraryStoreActorTests.testLargeWorkoutEncodeDecode' passed (0.943 seconds)
Test Case 'WorkoutLibraryStoreActorTests.testLegacyFixtureDecodesWithVersionZeroAndSafeFieldFallbacks' started at 2026-09-23 03:29:53.355
Test Case 'WorkoutLibraryStoreActorTests.testLegacyFixtureDecodesWithVersionZeroAndSafeFieldFallbacks' passed (0.001 seconds)
Test Case 'WorkoutLibraryStoreActorTests.testLoadLibraryFromEmptyReturnsDemos' started at 2026-09-23 03:29:53.356
Test Case 'WorkoutLibraryStoreActorTests.testLoadLibraryFromEmptyReturnsDemos' passed (0.1 seconds)
Test Case 'WorkoutLibraryStoreActorTests.testLoadLibraryRepairsAndPersistsMissingFavoriteIDs' started at 2026-09-23 03:29:53.456
Test Case 'WorkoutLibraryStoreActorTests.testLoadLibraryRepairsAndPersistsMissingFavoriteIDs' passed (0.003 seconds)
Test Case 'WorkoutLibraryStoreActorTests.testLoadLibraryRepairsFavoritesInEmptyManifest' started at 2026-09-23 03:29:53.459
Test Case 'WorkoutLibraryStoreActorTests.testLoadLibraryRepairsFavoritesInEmptyManifest' passed (0.003 seconds)
Test Case 'WorkoutLibraryStoreActorTests.testLoadLibraryWithWorkoutsReturnsThem' started at 2026-09-23 03:29:53.463
Test Case 'WorkoutLibraryStoreActorTests.testLoadLibraryWithWorkoutsReturnsThem' passed (0.002 seconds)
Test Case 'WorkoutLibraryStoreActorTests.testLoadMigratesLegacyFixtureAndPersistsWithoutChangingLibraryIdentity' started at 2026-09-23 03:29:53.464
Test Case 'WorkoutLibraryStoreActorTests.testLoadMigratesLegacyFixtureAndPersistsWithoutChangingLibraryIdentity' passed (0.004 seconds)
Test Case 'WorkoutLibraryStoreActorTests.testMigrationWriteFailureKeepsUpgradedWorkoutVisibleAndLegacySnapshotRetryable' started at 2026-09-23 03:29:53.468
Test Case 'WorkoutLibraryStoreActorTests.testMigrationWriteFailureKeepsUpgradedWorkoutVisibleAndLegacySnapshotRetryable' passed (0.001 seconds)
Test Case 'WorkoutLibraryStoreActorTests.testNormalizationMigrationRemovesSpikeAndRecomputesAnalysisWithoutChangingLibraryIdentity' started at 2026-09-23 03:29:53.469
Test Case 'WorkoutLibraryStoreActorTests.testNormalizationMigrationRemovesSpikeAndRecomputesAnalysisWithoutChangingLibraryIdentity' passed (0.003 seconds)
Test Case 'WorkoutLibraryStoreActorTests.testOrphanedFileThrowsError' started at 2026-09-23 03:29:53.472
Test Case 'WorkoutLibraryStoreActorTests.testOrphanedFileThrowsError' passed (0.001 seconds)
Test Case 'WorkoutLibraryStoreActorTests.testRapidSelectionPreservesNewest' started at 2026-09-23 03:29:53.474
Test Case 'WorkoutLibraryStoreActorTests.testRapidSelectionPreservesNewest' passed (0.004 seconds)
Test Case 'WorkoutLibraryStoreActorTests.testSetFavoriteMissingIDThrows' started at 2026-09-23 03:29:53.478
Test Case 'WorkoutLibraryStoreActorTests.testSetFavoriteMissingIDThrows' passed (0.0 seconds)
Test Case 'WorkoutLibraryStoreActorTests.testSetFavoritePersistsAndIsIdempotent' started at 2026-09-23 03:29:53.478
Test Case 'WorkoutLibraryStoreActorTests.testSetFavoritePersistsAndIsIdempotent' passed (0.003 seconds)
Test Case 'WorkoutLibraryStoreActorTests.testStoreOperationsSerialize' started at 2026-09-23 03:29:53.481
Test Case 'WorkoutLibraryStoreActorTests.testStoreOperationsSerialize' passed (0.034 seconds)
Test Case 'WorkoutLibraryStoreActorTests.testUpdateMetadataClearNameRestoresNil' started at 2026-09-23 03:29:53.515
Test Case 'WorkoutLibraryStoreActorTests.testUpdateMetadataClearNameRestoresNil' passed (0.003 seconds)
Test Case 'WorkoutLibraryStoreActorTests.testUpdateMetadataNameAndNotes' started at 2026-09-23 03:29:53.517
Test Case 'WorkoutLibraryStoreActorTests.testUpdateMetadataNameAndNotes' passed (0.002 seconds)
Test Case 'WorkoutLibraryStoreActorTests.testUpdateMetadataRejectsNUL' started at 2026-09-23 03:29:53.520
Test Case 'WorkoutLibraryStoreActorTests.testUpdateMetadataRejectsNUL' passed (0.002 seconds)
Test Suite 'WorkoutLibraryStoreActorTests' passed at 2026-09-23 03:29:53.522
	 Executed 31 tests, with 0 failures (0 unexpected) in 1.14 (1.14) seconds
Test Suite 'WorkoutRawElevationTests' started at 2026-09-23 03:29:53.522
Test Case 'WorkoutRawElevationTests.testAnalysisPersistsRawTotalsAndBumpsVersion' started at 2026-09-23 03:29:53.522
Test Case 'WorkoutRawElevationTests.testAnalysisPersistsRawTotalsAndBumpsVersion' passed (0.0 seconds)
Test Case 'WorkoutRawElevationTests.testLegacySummaryDecodesWithoutRawTotals' started at 2026-09-23 03:29:53.522
Test Case 'WorkoutRawElevationTests.testLegacySummaryDecodesWithoutRawTotals' passed (0.0 seconds)
Test Case 'WorkoutRawElevationTests.testRawTotalsNilWithoutFinitePairs' started at 2026-09-23 03:29:53.522
Test Case 'WorkoutRawElevationTests.testRawTotalsNilWithoutFinitePairs' passed (0.0 seconds)
Test Case 'WorkoutRawElevationTests.testRawTotalsSkipMissingAltitudePairs' started at 2026-09-23 03:29:53.522
Test Case 'WorkoutRawElevationTests.testRawTotalsSkipMissingAltitudePairs' passed (0.0 seconds)
Test Case 'WorkoutRawElevationTests.testRawTotalsSkipSegmentBoundaries' started at 2026-09-23 03:29:53.522
Test Case 'WorkoutRawElevationTests.testRawTotalsSkipSegmentBoundaries' passed (0.0 seconds)
Test Case 'WorkoutRawElevationTests.testRawTotalsSumAdjacentDeltasWithinSegment' started at 2026-09-23 03:29:53.522
Test Case 'WorkoutRawElevationTests.testRawTotalsSumAdjacentDeltasWithinSegment' passed (0.0 seconds)
Test Suite 'WorkoutRawElevationTests' passed at 2026-09-23 03:29:53.522
	 Executed 6 tests, with 0 failures (0 unexpected) in 0.001 (0.001) seconds
Test Suite 'WorkoutTagQueryAndManifestTests' started at 2026-09-23 03:29:53.522
Test Case 'WorkoutTagQueryAndManifestTests.testDeleteTagStripsAssignmentsAndCollectionFilters' started at 2026-09-23 03:29:53.522
Test Case 'WorkoutTagQueryAndManifestTests.testDeleteTagStripsAssignmentsAndCollectionFilters' passed (0.0 seconds)
Test Case 'WorkoutTagQueryAndManifestTests.testFileStoreLoadsV1AndSavesV4' started at 2026-09-23 03:29:53.523
Test Case 'WorkoutTagQueryAndManifestTests.testFileStoreLoadsV1AndSavesV4' passed (0.001 seconds)
Test Case 'WorkoutTagQueryAndManifestTests.testLargeLibraryTagFilterLinear' started at 2026-09-23 03:29:53.524
Test Case 'WorkoutTagQueryAndManifestTests.testLargeLibraryTagFilterLinear' passed (0.503 seconds)
Test Case 'WorkoutTagQueryAndManifestTests.testManifestDecodeCapsOrganizationArrays' started at 2026-09-23 03:29:54.027
Test Case 'WorkoutTagQueryAndManifestTests.testManifestDecodeCapsOrganizationArrays' passed (0.006 seconds)
Test Case 'WorkoutTagQueryAndManifestTests.testMigratePromotesToVersion4' started at 2026-09-23 03:29:54.033
Test Case 'WorkoutTagQueryAndManifestTests.testMigratePromotesToVersion4' passed (0.0 seconds)
Test Case 'WorkoutTagQueryAndManifestTests.testRepairRemovesMissingTagReferencesAndEmptiesCollectionTagFilter' started at 2026-09-23 03:29:54.033
Test Case 'WorkoutTagQueryAndManifestTests.testRepairRemovesMissingTagReferencesAndEmptiesCollectionTagFilter' passed (0.0 seconds)
Test Case 'WorkoutTagQueryAndManifestTests.testRepairRemovesMissingWorkoutAssignments' started at 2026-09-23 03:29:54.033
Test Case 'WorkoutTagQueryAndManifestTests.testRepairRemovesMissingWorkoutAssignments' passed (0.0 seconds)
Test Case 'WorkoutTagQueryAndManifestTests.testSelectedAnyAndAllAndUntagged' started at 2026-09-23 03:29:54.034
Test Case 'WorkoutTagQueryAndManifestTests.testSelectedAnyAndAllAndUntagged' passed (0.0 seconds)
Test Case 'WorkoutTagQueryAndManifestTests.testTagFilterCombinesWithFavouriteAndSource' started at 2026-09-23 03:29:54.034
Test Case 'WorkoutTagQueryAndManifestTests.testTagFilterCombinesWithFavouriteAndSource' passed (0.0 seconds)
Test Case 'WorkoutTagQueryAndManifestTests.testTagNameSearch' started at 2026-09-23 03:29:54.034
Test Case 'WorkoutTagQueryAndManifestTests.testTagNameSearch' passed (0.1 seconds)
Test Case 'WorkoutTagQueryAndManifestTests.testVersion1DecodesEmptyOrganization' started at 2026-09-23 03:29:54.135
Test Case 'WorkoutTagQueryAndManifestTests.testVersion1DecodesEmptyOrganization' passed (0.0 seconds)
Test Case 'WorkoutTagQueryAndManifestTests.testVersion2DecodesEmptyOrganizationPreservingFavorites' started at 2026-09-23 03:29:54.135
Test Case 'WorkoutTagQueryAndManifestTests.testVersion2DecodesEmptyOrganizationPreservingFavorites' passed (0.0 seconds)
Test Case 'WorkoutTagQueryAndManifestTests.testVersion3RoundTrip' started at 2026-09-23 03:29:54.135
Test Case 'WorkoutTagQueryAndManifestTests.testVersion3RoundTrip' passed (0.0 seconds)
Test Suite 'WorkoutTagQueryAndManifestTests' passed at 2026-09-23 03:29:54.135
	 Executed 13 tests, with 0 failures (0 unexpected) in 0.613 (0.613) seconds
Test Suite 'WorkoutTagStoreActorTests' started at 2026-09-23 03:29:54.135
Test Case 'WorkoutTagStoreActorTests.testBulkUpdateTagsOneWrite' started at 2026-09-23 03:29:54.135
Test Case 'WorkoutTagStoreActorTests.testBulkUpdateTagsOneWrite' passed (0.004 seconds)
Test Case 'WorkoutTagStoreActorTests.testCreateLimitsUseStoreErrorSurface' started at 2026-09-23 03:29:54.140
Test Case 'WorkoutTagStoreActorTests.testCreateLimitsUseStoreErrorSurface' passed (0.002 seconds)
Test Case 'WorkoutTagStoreActorTests.testCreateRenameRecolorDeleteTag' started at 2026-09-23 03:29:54.141
Test Case 'WorkoutTagStoreActorTests.testCreateRenameRecolorDeleteTag' passed (0.004 seconds)
Test Case 'WorkoutTagStoreActorTests.testDeleteTagRepairsCollectionFilter' started at 2026-09-23 03:29:54.145
Test Case 'WorkoutTagStoreActorTests.testDeleteTagRepairsCollectionFilter' passed (0.004 seconds)
Test Case 'WorkoutTagStoreActorTests.testDeleteWorkoutRemovesAssignment' started at 2026-09-23 03:29:54.149
Test Case 'WorkoutTagStoreActorTests.testDeleteWorkoutRemovesAssignment' passed (0.003 seconds)
Test Case 'WorkoutTagStoreActorTests.testDuplicateNameRejected' started at 2026-09-23 03:29:54.152
Test Case 'WorkoutTagStoreActorTests.testDuplicateNameRejected' passed (0.002 seconds)
Test Case 'WorkoutTagStoreActorTests.testImportPreservesTags' started at 2026-09-23 03:29:54.154
Test Case 'WorkoutTagStoreActorTests.testImportPreservesTags' passed (0.004 seconds)
Test Case 'WorkoutTagStoreActorTests.testMissingWorkoutTagAssignmentFails' started at 2026-09-23 03:29:54.159
Test Case 'WorkoutTagStoreActorTests.testMissingWorkoutTagAssignmentFails' passed (0.002 seconds)
Test Case 'WorkoutTagStoreActorTests.testReorderTags' started at 2026-09-23 03:29:54.161
Test Case 'WorkoutTagStoreActorTests.testReorderTags' passed (0.003 seconds)
Test Case 'WorkoutTagStoreActorTests.testSmartCollectionCRUDAndRelativeDate' started at 2026-09-23 03:29:54.164
Test Case 'WorkoutTagStoreActorTests.testSmartCollectionCRUDAndRelativeDate' passed (0.004 seconds)
Test Suite 'WorkoutTagStoreActorTests' passed at 2026-09-23 03:29:54.168
	 Executed 10 tests, with 0 failures (0 unexpected) in 0.032 (0.032) seconds
Test Suite 'WorkoutTagTests' started at 2026-09-23 03:29:54.168
Test Case 'WorkoutTagTests.testAssignmentNormalizesAndSortsTagIDs' started at 2026-09-23 03:29:54.168
Test Case 'WorkoutTagTests.testAssignmentNormalizesAndSortsTagIDs' passed (0.0 seconds)
Test Case 'WorkoutTagTests.testCaseInsensitiveDuplicate' started at 2026-09-23 03:29:54.168
Test Case 'WorkoutTagTests.testCaseInsensitiveDuplicate' passed (0.0 seconds)
Test Case 'WorkoutTagTests.testColorUnknownTokenFallsBackToGray' started at 2026-09-23 03:29:54.168
Test Case 'WorkoutTagTests.testColorUnknownTokenFallsBackToGray' passed (0.0 seconds)
Test Case 'WorkoutTagTests.testDiacriticInsensitiveDuplicate' started at 2026-09-23 03:29:54.168
Test Case 'WorkoutTagTests.testDiacriticInsensitiveDuplicate' passed (0.0 seconds)
Test Case 'WorkoutTagTests.testEmptyNameRejected' started at 2026-09-23 03:29:54.168
Test Case 'WorkoutTagTests.testEmptyNameRejected' passed (0.0 seconds)
Test Case 'WorkoutTagTests.testLineBreakRejected' started at 2026-09-23 03:29:54.168
Test Case 'WorkoutTagTests.testLineBreakRejected' passed (0.0 seconds)
Test Case 'WorkoutTagTests.testNULRejected' started at 2026-09-23 03:29:54.169
Test Case 'WorkoutTagTests.testNULRejected' passed (0.0 seconds)
Test Case 'WorkoutTagTests.testNameTooLongRejected' started at 2026-09-23 03:29:54.169
Test Case 'WorkoutTagTests.testNameTooLongRejected' passed (0.0 seconds)
Test Case 'WorkoutTagTests.testNormalizeValidUnicodeName' started at 2026-09-23 03:29:54.169
Test Case 'WorkoutTagTests.testNormalizeValidUnicodeName' passed (0.0 seconds)
Test Case 'WorkoutTagTests.testSavedQueryHasNoClock' started at 2026-09-23 03:29:54.169
Test Case 'WorkoutTagTests.testSavedQueryHasNoClock' passed (0.0 seconds)
Test Case 'WorkoutTagTests.testSmartCollectionNamePolicy' started at 2026-09-23 03:29:54.169
Test Case 'WorkoutTagTests.testSmartCollectionNamePolicy' passed (0.0 seconds)
Test Case 'WorkoutTagTests.testStableIDThroughRename' started at 2026-09-23 03:29:54.169
Test Case 'WorkoutTagTests.testStableIDThroughRename' passed (0.0 seconds)
Test Case 'WorkoutTagTests.testTagLimit' started at 2026-09-23 03:29:54.169
Test Case 'WorkoutTagTests.testTagLimit' passed (0.0 seconds)
Test Case 'WorkoutTagTests.testTagsPerWorkoutLimit' started at 2026-09-23 03:29:54.169
Test Case 'WorkoutTagTests.testTagsPerWorkoutLimit' passed (0.0 seconds)
Test Case 'WorkoutTagTests.testWidthInsensitiveDuplicate' started at 2026-09-23 03:29:54.169
Test Case 'WorkoutTagTests.testWidthInsensitiveDuplicate' passed (0.1 seconds)
Test Suite 'WorkoutTagTests' passed at 2026-09-23 03:29:54.269
	 Executed 15 tests, with 0 failures (0 unexpected) in 0.101 (0.101) seconds
Test Suite 'WorkoutTimelineTests' started at 2026-09-23 03:29:54.269
Test Case 'WorkoutTimelineTests.testDistanceAtElapsedTime' started at 2026-09-23 03:29:54.269
Test Case 'WorkoutTimelineTests.testDistanceAtElapsedTime' passed (0.0 seconds)
Test Case 'WorkoutTimelineTests.testDistanceSamplingExposesBothClocksAcrossPause' started at 2026-09-23 03:29:54.270
Test Case 'WorkoutTimelineTests.testDistanceSamplingExposesBothClocksAcrossPause' passed (0.0 seconds)
Test Case 'WorkoutTimelineTests.testDuplicateDistanceBoundaryUsesStopForEndAndResumeForStart' started at 2026-09-23 03:29:54.270
Test Case 'WorkoutTimelineTests.testDuplicateDistanceBoundaryUsesStopForEndAndResumeForStart' passed (0.0 seconds)
Test Case 'WorkoutTimelineTests.testDuplicateTimestampAddsNoActiveTime' started at 2026-09-23 03:29:54.270
Test Case 'WorkoutTimelineTests.testDuplicateTimestampAddsNoActiveTime' passed (0.0 seconds)
Test Case 'WorkoutTimelineTests.testElapsedSampleBeforeStartAndAfterEndClamps' started at 2026-09-23 03:29:54.270
Test Case 'WorkoutTimelineTests.testElapsedSampleBeforeStartAndAfterEndClamps' passed (0.0 seconds)
Test Case 'WorkoutTimelineTests.testElapsedSampleBetweenPointsInterpolates' started at 2026-09-23 03:29:54.270
Test Case 'WorkoutTimelineTests.testElapsedSampleBetweenPointsInterpolates' passed (0.0 seconds)
Test Case 'WorkoutTimelineTests.testElapsedSampleExactlyOnPoint' started at 2026-09-23 03:29:54.270
Test Case 'WorkoutTimelineTests.testElapsedSampleExactlyOnPoint' passed (0.0 seconds)
Test Case 'WorkoutTimelineTests.testElapsedSampleInsideRecordingGap' started at 2026-09-23 03:29:54.270
Test Case 'WorkoutTimelineTests.testElapsedSampleInsideRecordingGap' passed (0.0 seconds)
Test Case 'WorkoutTimelineTests.testElevationInterpolationPreservesBelowSeaLevelAltitudes' started at 2026-09-23 03:29:54.270
Test Case 'WorkoutTimelineTests.testElevationInterpolationPreservesBelowSeaLevelAltitudes' passed (0.0 seconds)
Test Case 'WorkoutTimelineTests.testEmptyAndOnePointRoutesAreSafe' started at 2026-09-23 03:29:54.270
Test Case 'WorkoutTimelineTests.testEmptyAndOnePointRoutesAreSafe' passed (0.0 seconds)
Test Case 'WorkoutTimelineTests.testExactDuplicateElapsedRangeEndUsesLastSameSegmentPoint' started at 2026-09-23 03:29:54.271
Test Case 'WorkoutTimelineTests.testExactDuplicateElapsedRangeEndUsesLastSameSegmentPoint' passed (0.0 seconds)
Test Case 'WorkoutTimelineTests.testFallsBackToSuppliedElapsedWhenTimestampsDoNotSpan' started at 2026-09-23 03:29:54.271
Test Case 'WorkoutTimelineTests.testFallsBackToSuppliedElapsedWhenTimestampsDoNotSpan' passed (0.0 seconds)
Test Case 'WorkoutTimelineTests.testInvalidTimestampDeltaDoesNotFabricateActiveTime' started at 2026-09-23 03:29:54.271
Test Case 'WorkoutTimelineTests.testInvalidTimestampDeltaDoesNotFabricateActiveTime' passed (0.0 seconds)
Test Case 'WorkoutTimelineTests.testMultiplePausesAccumulateActiveIntervals' started at 2026-09-23 03:29:54.271
Test Case 'WorkoutTimelineTests.testMultiplePausesAccumulateActiveIntervals' passed (0.0 seconds)
Test Case 'WorkoutTimelineTests.testNoPauseUsesSameElapsedAndActiveClock' started at 2026-09-23 03:29:54.271
Test Case 'WorkoutTimelineTests.testNoPauseUsesSameElapsedAndActiveClock' passed (0.0 seconds)
Test Case 'WorkoutTimelineTests.testOnePauseExcludesOnlyCrossSegmentDelta' started at 2026-09-23 03:29:54.271
Test Case 'WorkoutTimelineTests.testOnePauseExcludesOnlyCrossSegmentDelta' passed (0.0 seconds)
Test Case 'WorkoutTimelineTests.testReplayHoldsDuringGapAndJumpsAtExactResumeTime' started at 2026-09-23 03:29:54.271
Test Case 'WorkoutTimelineTests.testReplayHoldsDuringGapAndJumpsAtExactResumeTime' passed (0.0 seconds)
Test Case 'WorkoutTimelineTests.testSameSegmentDistancePlateauIsNotDoubleCountedAcrossRanges' started at 2026-09-23 03:29:54.271
Test Case 'WorkoutTimelineTests.testSameSegmentDistancePlateauIsNotDoubleCountedAcrossRanges' passed (0.0 seconds)
Test Case 'WorkoutTimelineTests.testSuppliedElapsedFallbackRejectsRegressingElapsedValues' started at 2026-09-23 03:29:54.271
Test Case 'WorkoutTimelineTests.testSuppliedElapsedFallbackRejectsRegressingElapsedValues' passed (0.0 seconds)
Test Case 'WorkoutTimelineTests.testTerminalSameSegmentDistancePlateauUsesFinalTimerSample' started at 2026-09-23 03:29:54.272
Test Case 'WorkoutTimelineTests.testTerminalSameSegmentDistancePlateauUsesFinalTimerSample' passed (0.002 seconds)
Test Case 'WorkoutTimelineTests.testTimeRangeAcrossPause' started at 2026-09-23 03:29:54.274
Test Case 'WorkoutTimelineTests.testTimeRangeAcrossPause' passed (0.0 seconds)
Test Case 'WorkoutTimelineTests.testZeroDurationSegmentBoundaryDoesNotCreatePauseTime' started at 2026-09-23 03:29:54.274
Test Case 'WorkoutTimelineTests.testZeroDurationSegmentBoundaryDoesNotCreatePauseTime' passed (0.0 seconds)
Test Case 'WorkoutTimelineTests.testZeroDurationTimeRange' started at 2026-09-23 03:29:54.274
Test Case 'WorkoutTimelineTests.testZeroDurationTimeRange' passed (0.0 seconds)
Test Suite 'WorkoutTimelineTests' passed at 2026-09-23 03:29:54.274
	 Executed 23 tests, with 0 failures (0 unexpected) in 0.004 (0.004) seconds
Test Suite 'WorkoutTrendsTests' started at 2026-09-23 03:29:54.274
Test Case 'WorkoutTrendsTests.testAllTimeStartsAtFirstRowPeriod' started at 2026-09-23 03:29:54.274
Test Case 'WorkoutTrendsTests.testAllTimeStartsAtFirstRowPeriod' passed (0.0 seconds)
Test Case 'WorkoutTrendsTests.testCurrentFilterScopeUsesProvidedQuery' started at 2026-09-23 03:29:54.274
Test Case 'WorkoutTrendsTests.testCurrentFilterScopeUsesProvidedQuery' passed (0.0 seconds)
Test Case 'WorkoutTrendsTests.testDSTFallBackUsesRecordedLocalDate' started at 2026-09-23 03:29:54.274
Test Case 'WorkoutTrendsTests.testDSTFallBackUsesRecordedLocalDate' passed (0.0 seconds)
Test Case 'WorkoutTrendsTests.testDSTSpringForwardUsesRecordedLocalDate' started at 2026-09-23 03:29:54.275
Test Case 'WorkoutTrendsTests.testDSTSpringForwardUsesRecordedLocalDate' passed (0.0 seconds)
Test Case 'WorkoutTrendsTests.testEmptyPeriodShowsZerosForTotalsAndGapsForOptionalMetrics' started at 2026-09-23 03:29:54.275
Test Case 'WorkoutTrendsTests.testEmptyPeriodShowsZerosForTotalsAndGapsForOptionalMetrics' passed (0.0 seconds)
Test Case 'WorkoutTrendsTests.testFallbackZoneIsDSTAwareNamedZone' started at 2026-09-23 03:29:54.275
Test Case 'WorkoutTrendsTests.testFallbackZoneIsDSTAwareNamedZone' passed (0.0 seconds)
Test Case 'WorkoutTrendsTests.testFarFutureRowCannotPushRealDataOutOfWindow' started at 2026-09-23 03:29:54.275
Test Case 'WorkoutTrendsTests.testFarFutureRowCannotPushRealDataOutOfWindow' passed (0.0 seconds)
Test Case 'WorkoutTrendsTests.testGPXImporterIgnoresDateOnlyTimestampText' started at 2026-09-23 03:29:54.275
Test Case 'WorkoutTrendsTests.testGPXImporterIgnoresDateOnlyTimestampText' passed (0.001 seconds)
Test Case 'WorkoutTrendsTests.testGPXImporterRecordsLiteralOffset' started at 2026-09-23 03:29:54.276
Test Case 'WorkoutTrendsTests.testGPXImporterRecordsLiteralOffset' passed (0.001 seconds)
Test Case 'WorkoutTrendsTests.testGPXImporterRecordsZeroForUTCDesignator' started at 2026-09-23 03:29:54.276
Test Case 'WorkoutTrendsTests.testGPXImporterRecordsZeroForUTCDesignator' passed (0.0 seconds)
Test Case 'WorkoutTrendsTests.testGPXImporterTakesOffsetFromFirstParseableTimestamp' started at 2026-09-23 03:29:54.277
Test Case 'WorkoutTrendsTests.testGPXImporterTakesOffsetFromFirstParseableTimestamp' passed (0.0 seconds)
Test Case 'WorkoutTrendsTests.testJSONImporterKeepsExplicitMetadataOffset' started at 2026-09-23 03:29:54.277
Test Case 'WorkoutTrendsTests.testJSONImporterKeepsExplicitMetadataOffset' passed (0.0 seconds)
Test Case 'WorkoutTrendsTests.testJSONImporterRecordsLiteralOffset' started at 2026-09-23 03:29:54.277
Test Case 'WorkoutTrendsTests.testJSONImporterRecordsLiteralOffset' passed (0.101 seconds)
Test Case 'WorkoutTrendsTests.testMidnightAndWeekBoundaryRunsBucketByStartDate' started at 2026-09-23 03:29:54.378
Test Case 'WorkoutTrendsTests.testMidnightAndWeekBoundaryRunsBucketByStartDate' passed (0.1 seconds)
Test Case 'WorkoutTrendsTests.testMonthAndYearKeys' started at 2026-09-23 03:29:54.479
Test Case 'WorkoutTrendsTests.testMonthAndYearKeys' passed (0.1 seconds)
Test Case 'WorkoutTrendsTests.testMonthlyRangeSnapsToWholeMonths' started at 2026-09-23 03:29:54.579
Test Case 'WorkoutTrendsTests.testMonthlyRangeSnapsToWholeMonths' passed (0.0 seconds)
Test Case 'WorkoutTrendsTests.testNextKeyRollsOverYearBoundaries' started at 2026-09-23 03:29:54.579
Test Case 'WorkoutTrendsTests.testNextKeyRollsOverYearBoundaries' passed (0.0 seconds)
Test Case 'WorkoutTrendsTests.testOffsetScannerVariants' started at 2026-09-23 03:29:54.579
Test Case 'WorkoutTrendsTests.testOffsetScannerVariants' passed (0.1 seconds)
Test Case 'WorkoutTrendsTests.testPeriodBoundsAreHalfOpenPeriodIntervals' started at 2026-09-23 03:29:54.680
Test Case 'WorkoutTrendsTests.testPeriodBoundsAreHalfOpenPeriodIntervals' passed (0.0 seconds)
Test Case 'WorkoutTrendsTests.testPreviousKeyMirrorsNextKeyAcrossYearBoundaries' started at 2026-09-23 03:29:54.680
Test Case 'WorkoutTrendsTests.testPreviousKeyMirrorsNextKeyAcrossYearBoundaries' passed (0.0 seconds)
Test Case 'WorkoutTrendsTests.testRecordedOffsetBucketsLocalDateNotUTC' started at 2026-09-23 03:29:54.680
Test Case 'WorkoutTrendsTests.testRecordedOffsetBucketsLocalDateNotUTC' passed (0.0 seconds)
Test Case 'WorkoutTrendsTests.testRowFiltersHeartRateAndCarriesOffset' started at 2026-09-23 03:29:54.680
Test Case 'WorkoutTrendsTests.testRowFiltersHeartRateAndCarriesOffset' passed (0.0 seconds)
Test Case 'WorkoutTrendsTests.testRowPrefersCorrectedAscentFallsBackToRaw' started at 2026-09-23 03:29:54.680
Test Case 'WorkoutTrendsTests.testRowPrefersCorrectedAscentFallsBackToRaw' passed (0.0 seconds)
Test Case 'WorkoutTrendsTests.testSmartCollectionScopeResolvesThroughQueryService' started at 2026-09-23 03:29:54.680
Test Case 'WorkoutTrendsTests.testSmartCollectionScopeResolvesThroughQueryService' passed (0.1 seconds)
Test Case 'WorkoutTrendsTests.testTCXImporterIgnoresUnparseableActivityID' started at 2026-09-23 03:29:54.781
Test Case 'WorkoutTrendsTests.testTCXImporterIgnoresUnparseableActivityID' passed (0.001 seconds)
Test Case 'WorkoutTrendsTests.testTCXImporterRecordsLiteralOffset' started at 2026-09-23 03:29:54.782
Test Case 'WorkoutTrendsTests.testTCXImporterRecordsLiteralOffset' passed (0.101 seconds)
Test Case 'WorkoutTrendsTests.testTrendsAccessibilitySummaryDisclosesContributors' started at 2026-09-23 03:29:54.883
Test Case 'WorkoutTrendsTests.testTrendsAccessibilitySummaryDisclosesContributors' passed (0.0 seconds)
Test Case 'WorkoutTrendsTests.testTrendsChartSummaryCountsGapsAndPartialPeriods' started at 2026-09-23 03:29:54.883
Test Case 'WorkoutTrendsTests.testTrendsChartSummaryCountsGapsAndPartialPeriods' passed (0.0 seconds)
Test Case 'WorkoutTrendsTests.testTwelveMonthRangeAnchorsOneYearBack' started at 2026-09-23 03:29:54.883
Test Case 'WorkoutTrendsTests.testTwelveMonthRangeAnchorsOneYearBack' passed (0.0 seconds)
Test Case 'WorkoutTrendsTests.testUndatedWorkoutProducesNoRow' started at 2026-09-23 03:29:54.884
Test Case 'WorkoutTrendsTests.testUndatedWorkoutProducesNoRow' passed (0.0 seconds)
Test Case 'WorkoutTrendsTests.testWeekKeysFollowISOWeekDateYear' started at 2026-09-23 03:29:54.884
Test Case 'WorkoutTrendsTests.testWeekKeysFollowISOWeekDateYear' passed (0.0 seconds)
Test Case 'WorkoutTrendsTests.testWeeklyRangeSnapsToWholeWeeks' started at 2026-09-23 03:29:54.884
Test Case 'WorkoutTrendsTests.testWeeklyRangeSnapsToWholeWeeks' passed (0.0 seconds)
Test Case 'WorkoutTrendsTests.testWeightedPaceHeartRateAndContributorCounts' started at 2026-09-23 03:29:54.884
Test Case 'WorkoutTrendsTests.testWeightedPaceHeartRateAndContributorCounts' passed (0.0 seconds)
Test Case 'WorkoutTrendsTests.testWindowCapDropsOldestPeriods' started at 2026-09-23 03:29:54.884
Test Case 'WorkoutTrendsTests.testWindowCapDropsOldestPeriods' passed (0.009 seconds)
Test Case 'WorkoutTrendsTests.testWindowExtendsOnePeriodForZoneAheadRow' started at 2026-09-23 03:29:54.893
Test Case 'WorkoutTrendsTests.testWindowExtendsOnePeriodForZoneAheadRow' passed (0.0 seconds)
Test Case 'WorkoutTrendsTests.testZeroWeightHeartRateFallsBackToSimpleMean' started at 2026-09-23 03:29:54.893
Test Case 'WorkoutTrendsTests.testZeroWeightHeartRateFallsBackToSimpleMean' passed (0.0 seconds)
Test Suite 'WorkoutTrendsTests' passed at 2026-09-23 03:29:54.893
	 Executed 36 tests, with 0 failures (0 unexpected) in 0.619 (0.619) seconds
Test Suite 'WorkoutVideoFramePlanTests' started at 2026-09-23 03:29:54.893
Test Case 'WorkoutVideoFramePlanTests.testFirstMidFinalSourceTimes' started at 2026-09-23 03:29:54.893
Test Case 'WorkoutVideoFramePlanTests.testFirstMidFinalSourceTimes' passed (0.0 seconds)
Test Case 'WorkoutVideoFramePlanTests.testMonotonicProgressAndElapsed' started at 2026-09-23 03:29:54.894
Test Case 'WorkoutVideoFramePlanTests.testMonotonicProgressAndElapsed' passed (0.0 seconds)
Test Case 'WorkoutVideoFramePlanTests.testOperationalErrorsDoNotExposeTemporaryPaths' started at 2026-09-23 03:29:54.894
Test Case 'WorkoutVideoFramePlanTests.testOperationalErrorsDoNotExposeTemporaryPaths' passed (0.0 seconds)
Test Case 'WorkoutVideoFramePlanTests.testPolicyValidationRequiresEvenDimensions' started at 2026-09-23 03:29:54.894
Test Case 'WorkoutVideoFramePlanTests.testPolicyValidationRequiresEvenDimensions' passed (0.0 seconds)
Test Case 'WorkoutVideoFramePlanTests.testPresentationTimeValuesAreExactFrameIndices' started at 2026-09-23 03:29:54.894
Test Case 'WorkoutVideoFramePlanTests.testPresentationTimeValuesAreExactFrameIndices' passed (0.0 seconds)
Test Case 'WorkoutVideoFramePlanTests.testPresetFrameCounts' started at 2026-09-23 03:29:54.894
Test Case 'WorkoutVideoFramePlanTests.testPresetFrameCounts' passed (0.0 seconds)
Test Case 'WorkoutVideoFramePlanTests.testRejectsSingleFrameAndOverflow' started at 2026-09-23 03:29:54.894
Test Case 'WorkoutVideoFramePlanTests.testRejectsSingleFrameAndOverflow' passed (0.0 seconds)
Test Case 'WorkoutVideoFramePlanTests.testRejectsZeroAndNonFiniteDuration' started at 2026-09-23 03:29:54.894
Test Case 'WorkoutVideoFramePlanTests.testRejectsZeroAndNonFiniteDuration' passed (0.0 seconds)
Test Suite 'WorkoutVideoFramePlanTests' passed at 2026-09-23 03:29:54.894
	 Executed 8 tests, with 0 failures (0 unexpected) in 0.001 (0.001) seconds
Test Suite 'WorkoutVideoReplaySamplerTests' started at 2026-09-23 03:29:54.894
Test Case 'WorkoutVideoReplaySamplerTests.testContinuousRunSamplesFinalPoint' started at 2026-09-23 03:29:54.894
Test Case 'WorkoutVideoReplaySamplerTests.testContinuousRunSamplesFinalPoint' passed (0.0 seconds)
Test Case 'WorkoutVideoReplaySamplerTests.testEligibilityGates' started at 2026-09-23 03:29:54.895
Test Case 'WorkoutVideoReplaySamplerTests.testEligibilityGates' passed (0.0 seconds)
Test Case 'WorkoutVideoReplaySamplerTests.testMissingMetricsRemainNilNotZero' started at 2026-09-23 03:29:54.895
Test Case 'WorkoutVideoReplaySamplerTests.testMissingMetricsRemainNilNotZero' passed (0.0 seconds)
Test Case 'WorkoutVideoReplaySamplerTests.testPrivateSamplerDoesNotRequireLiveController' started at 2026-09-23 03:29:54.895
Test Case 'WorkoutVideoReplaySamplerTests.testPrivateSamplerDoesNotRequireLiveController' passed (0.0 seconds)
Test Case 'WorkoutVideoReplaySamplerTests.testRecordingGapAndPauseSemantics' started at 2026-09-23 03:29:54.895
Test Case 'WorkoutVideoReplaySamplerTests.testRecordingGapAndPauseSemantics' passed (0.0 seconds)
Test Case 'WorkoutVideoReplaySamplerTests.testVideoFilename' started at 2026-09-23 03:29:54.896
Test Case 'WorkoutVideoReplaySamplerTests.testVideoFilename' passed (0.0 seconds)
Test Suite 'WorkoutVideoReplaySamplerTests' passed at 2026-09-23 03:29:54.896
	 Executed 6 tests, with 0 failures (0 unexpected) in 0.002 (0.002) seconds
Test Suite 'Selected tests' passed at 2026-09-23 03:29:54.896
	 Executed 1096 tests, with 16 tests skipped and 0 failures (0 unexpected) in 35.637 (35.637) seconds
◇ Test run started.
↳ Testing Library Version: 6.4 (efd8d65801f569d)
↳ Target Platform: x86_64-unknown-linux-gnu
➜ Suite "ElevationProfile benchmarks" skipped.
◇ Suite RunPlayPersonalHeatmapCoverageBridgeTests started.
◇ Suite "ElevationProfile C++ bridge parity" started.
◇ Suite "ElevationProfile production parity" started.
➜ Test "E7 1,000,000-point product limit" skipped.
➜ Test "E1 ordinary 1,000-point workout" skipped.
➜ Test "E2 100,000 dense altitude points" skipped.
◇ Test testDirectAccumulationMatchesArrayCoverageFixtureMatrix() started.
◇ Test testDeterministicGeneratedParityFixtures() started.
◇ Test testEmptyWorkoutRoute() started.
◇ Test testDirectAccumulationTwiceProducesCountTwo() started.
◇ Test testSinglePointWorkoutRoute() started.
◇ Test testCancellationSupport() started.
◇ Test testDirectAccumulationCapacityRetryAndCachedReuse() started.
◇ Test "public initializer builds the production profile" started.
◇ Test "spike and excursion fixtures match oracle" started.
◇ Test "production profile matches oracle samples and totals" started.
◇ Test "bridge matches oracle on short excursion" started.
◇ Test "non-finite altitudes rejected like oracle" started.
◇ Test "malformed distances preserve oracle behavior" started.
◇ Test "bridge matches oracle with missing altitude" started.
◇ Test "1,000 deterministic generated fixtures" started.
◇ Test "cancellation before native call" started.
◇ Test "empty route" started.
◇ Test "bridge matches oracle across route segments" started.
◇ Test "bridge matches oracle on ordinary climb" started.
◇ Test "bridge matches oracle on interior spike" started.
✔ Test testEmptyWorkoutRoute() passed after 0.010 seconds.
✔ Test testSinglePointWorkoutRoute() passed after 0.010 seconds.
✔ Test testDirectAccumulationTwiceProducesCountTwo() passed after 0.010 seconds.
✔ Test testDirectAccumulationMatchesArrayCoverageFixtureMatrix() passed after 0.010 seconds.
✔ Test "public initializer builds the production profile" passed after 0.010 seconds.
✔ Test "spike and excursion fixtures match oracle" passed after 0.010 seconds.
✔ Test "production profile matches oracle samples and totals" passed after 0.010 seconds.
✔ Test "bridge matches oracle on short excursion" passed after 0.010 seconds.
✔ Test "non-finite altitudes rejected like oracle" passed after 0.010 seconds.
✔ Test testDirectAccumulationCapacityRetryAndCachedReuse() passed after 0.010 seconds.
✔ Test "bridge matches oracle with missing altitude" passed after 0.010 seconds.
✔ Test "malformed distances preserve oracle behavior" passed after 0.010 seconds.
✔ Test "cancellation before native call" passed after 0.010 seconds.
✔ Test "empty route" passed after 0.010 seconds.
✔ Test "bridge matches oracle across route segments" passed after 0.010 seconds.
✔ Test "bridge matches oracle on ordinary climb" passed after 0.010 seconds.
✔ Test "bridge matches oracle on interior spike" passed after 0.010 seconds.
✔ Suite "ElevationProfile production parity" passed after 0.010 seconds.
✔ Test testCancellationSupport() passed after 0.035 seconds.
✔ Test "1,000 deterministic generated fixtures" passed after 0.322 seconds.
✔ Suite "ElevationProfile C++ bridge parity" passed after 0.323 seconds.
✔ Test testDeterministicGeneratedParityFixtures() passed after 0.388 seconds.
✔ Suite RunPlayPersonalHeatmapCoverageBridgeTests passed after 0.388 seconds.
✔ Test run with 23 tests in 4 suites passed after 0.388 seconds.
